handle,displayName,originalTitle,category,shapeKey,basePrice,imageCount,variantCount,collections,sourceAvailability,needsReview,migrationStatus
circular-drum-lamp-shade-kits-15cm-diameter-x-15cm-height-with-golden-ring-and-golden-lining,"Kits 15cm Diameter X 15cm Height With Golden Ring And Golden Lining","Circular drum lamp shade kits 15cm diameter x 15cm height with golden ring and golden lining",KIT,drum,24.99,2,1,"lamp-shade-kits",available,no,IMAGES_DOWNLOADED
circular-drum-lamp-shade-kits-20cm-diameter-x-18cm-height-with-golden-ring-and-golden-lining,"Kits 20cm Diameter X 18cm Height With Golden Ring And Golden Lining","Circular drum lamp shade kits 20cm diameter x 18cm height with golden ring and golden lining",KIT,drum,30.00,2,1,"lamp-shade-kits",available,no,IMAGES_DOWNLOADED
circular-drum-lamp-shade-kits-25cm-diameter-x-21cm-height-with-golden-ring-and-golden-lining,"Kits 25cm Diameter X 21cm Height With Golden Ring And Golden Lining","Circular drum lamp shade kits 25cm diameter x 21cm height with golden ring and golden lining",KIT,drum,35.00,2,1,"lamp-shade-kits",available,no,IMAGES_DOWNLOADED
circular-drum-lamp-shade-kits-30cm-diameter-x-21cm-height-with-golden-ring-and-golden-lining,"Kits 30cm Diameter X 21cm Height With Golden Ring And Golden Lining","Circular drum lamp shade kits 30cm diameter x 21cm height with golden ring and golden lining",KIT,drum,39.99,2,1,"lamp-shade-kits",available,no,IMAGES_DOWNLOADED
gold-jade-abstract-velvet-fabric-print-teal-antique-water-art,"Gold & Jade Abstract velvet Print: Teal Antique Water Art","Gold & Jade Abstract Velvet Fabric Print: Teal Antique Water Art",FABRIC,,35.00,1,1,"fabrics",available,no,IMAGES_DOWNLOADED
handmade-abstract-pattern-drum-lamp-shade-clarke-and-clarke-fabric-brown-velvet-fabric,"Handmade Abstract Pattern : Clarke and Clarke Fabric brown velvet","Handmade Abstract Pattern Drum Lamp Shade: Clarke and Clarke Fabric brown velvet fabric",LAMPSHADE,drum,24.99,11,240,"drum-lampshades|printed-lampshades|velvet-lampshades",available,no,IMAGES_DOWNLOADED
handmade-abstract-pattern-drum-lamp-shade-clarke-and-clarke-fabric-brown-velvet-fabric-copy,"Luxury Black Golden Honey Comb Geometric Pattern","Handmade by order luxury black golden honey comb geometric pattern drum lamp shade pendant light lamp shade all shapes and sizes",LAMPSHADE,drum,24.99,10,240,"drum-lampshades|printed-lampshades|velvet-lampshades",available,no,IMAGES_DOWNLOADED
handmade-black-velvet-drum-lamp-shade-silver-copper-foil-accent,"Handmade Black Velvet : Silver Copper Foil Accent","Handmade Black Velvet Drum Lamp Shade: Silver Copper Foil Accent",LAMPSHADE,drum,24.99,9,240,"drum-lampshades|foil-lined-lampshades|printed-lampshades|velvet-lampshades",available,no,IMAGES_DOWNLOADED
handmade-black-velvet-lamp-shade-mushroom-village-jungle-pattern,"Handmade Black Velvet: Mushroom Village Jungle Pattern","Handmade Black Velvet Lamp Shade: Mushroom Village Jungle Pattern",LAMPSHADE,,24.99,10,240,"drum-lampshades|printed-lampshades|velvet-lampshades",available,no,IMAGES_DOWNLOADED
handmade-blue-diagonal-velvet-lamp-shade-drum-pendant-light,"Handmade Blue Diagonal Velvet: Drum","Handmade Blue Diagonal Velvet Lamp Shade: Drum Pendant Light",LAMPSHADE,drum,24.99,7,240,"drum-lampshades|printed-lampshades|velvet-lampshades",available,no,IMAGES_DOWNLOADED
handmade-by-ordee-luxury-jade-green-blue-wave-sky-with-glitter-effects-of-northern-lights-velvet-drum-lamp-shade-pendant-light-lamp-shade,"Luxury Jade Green Blue Wave Sky With Glitter Effects Of Northern Lights","Handmade by ordee luxury jade green blue wave sky with glitter effects of northern lights velvet drum lamp shade pendant light lamp shade",LAMPSHADE,drum,24.99,11,240,"drum-lampshades|our-collections|printed-lampshades|velvet-lampshades",available,no,IMAGES_DOWNLOADED
handmade-by-order-abstract-art-alcohol-paint-florat-rose-green-plant-on-velvet-drum-lamp-shade-pendant-light-lamp-shade-all-shapes-sizes,"Abstract Art Alcohol Paint Florat Rose Green Plant On Velvet Sizes","Handmade by order abstract art alcohol paint florat rose green plant on velvet drum lamp shade pendant light lamp shade all shapes sizes",LAMPSHADE,drum,24.99,12,240,"drum-lampshades|printed-lampshades|velvet-lampshades",available,no,IMAGES_DOWNLOADED
handmade-by-order-abstract-jade-green-paint-abstract-patch-pattern-drum-velvet-lamp-shade-pendant-light-lamp-shade-all-sizes-and-shapes-copy,"Orange Roses On Black Velvet Pattern Drum Shape","Handmade by order orange roses on black velvet pattern drum shape lamp shade pendant light lamp shade all shapes and sizes available",LAMPSHADE,drum,24.99,7,250,"drum-lampshades|printed-lampshades|velvet-lampshades",available,no,IMAGES_DOWNLOADED
handmade-by-order-abstract-jade-green-paint-abstract-patch-pattern-rounded-rectangular-velvet-lamp-shade-pendant-light-lamp-shade-all-sizes-and-shapes-copy,"orange roses on black velvet pattern ROUNDED RECTANGULAR shape","Handmade by order orange roses on black velvet pattern ROUNDED RECTANGULAR shape lamp shade pendant light lamp shade all shapes and sizes available",LAMPSHADE,rectangular,34.99,6,80,"printed-lampshades|rectangular-lampshades|velvet-lampshades",available,no,IMAGES_DOWNLOADED
handmade-by-order-black-gold-lava-effect-velvet-rounded-square-lamp-shade-pendant-light-lamp-shade-all-shapes-and-sizes-available,"Black Gold Lava Effect Velvet","handmade by order black gold lava effect velvet ROUNDED SQUARE lamp shade pendant light lamp shade all shapes and sizes available",LAMPSHADE,square,29.99,6,140,"our-collections|printed-lampshades|square-lampshades|velvet-lampshades",available,no,IMAGES_DOWNLOADED
handmade-by-order-blue-hold-marble-wave-effect-velvet-rounded-square-lamp-shade-pendant-light-lamp-shade-all-shapes-and-sizes-available,"Blue Hold Marble Wave Effect Velvet","handmade by order blue hold marble wave effect velvet ROUNDED SQUARE lamp shade pendant light lamp shade all shapes and sizes available",LAMPSHADE,square,29.99,7,140,"our-collections|printed-lampshades|square-lampshades|velvet-lampshades",available,no,IMAGES_DOWNLOADED
handmade-by-order-bottle-green-gold-foil-effect-velvet-cushion-covers-all-shapes-sizes-available-copy,"luxury mushroom plants leaves in jungle pattern velvet Cushion covers","Handmade by order luxury mushroom plants leaves in jungle pattern velvet Cushion covers bespoke sizes available",CUSHION,,34.99,2,2,"cushion-covers",available,no,IMAGES_DOWNLOADED
handmade-by-order-deep-orange-velvet-and-peacock-pattern-inside-drum-lamp-shade-pendant-light-lamp-shade-all-sizes-shapes-available,"Deep Orange Velvet And Peacock Pattern Inside Shapes","Handmade by order deep orange velvet and peacock pattern inside drum lamp shade pendant light lamp shade all sizes shapes available",LAMPSHADE,drum,24.99,6,240,"drum-lampshades|printed-lampshades|velvet-lampshades",available,no,IMAGES_DOWNLOADED
handmade-by-order-glitter-effect-gold-silver-copper-effect-abstract-art-design-print-on-velvet-drum-lamp-shade-pendant-light-lamp-shade,"Glitter Effect Gold Silver Copper Effect Abstract Art Design Print On","Handmade by order glitter effect gold silver copper effect abstract art design print on velvet drum lamp shade pendant light lamp shade",LAMPSHADE,drum,24.99,11,250,"drum-lampshades|printed-lampshades|velvet-lampshades",available,no,IMAGES_DOWNLOADED
handmade-by-order-green-gold-floral-plant-pattern-on-velvet-drum-lamp-shade-pendant-light-lamp-shade-all-shapes-and-sizes-available,"Green Gold Floral Plant Pattern On Velvet","Handmade by order green gold floral plant pattern on velvet drum lamp shade pendant light lamp shade all shapes and sizes available",LAMPSHADE,drum,24.99,10,240,"drum-lampshades|printed-lampshades|velvet-lampshades",available,no,IMAGES_DOWNLOADED
handmade-by-order-hot-pink-velvet-and-birds-on-branches-print-double-sided-drum-lamp-shade-all-shapes-and-sizes-available,"Hot Pink Velvet And Birds On Branches Print Double Sided","Handmade by order hot pink velvet and birds on branches print double sided drum lamp shade all shapes and sizes available",LAMPSHADE,drum,24.99,8,24,"drum-lampshades|printed-lampshades|velvet-lampshades",available,no,IMAGES_DOWNLOADED
handmade-by-order-lime-green-and-green-feathers-printed-double-sided-drum-lamp-shade-pendant-light-lamp-shade-all-shapes-and-sizes-available,"Lime Green And Green Feathers Printed Double Sided","Handmade by order lime green and green feathers printed double sided drum lamp shade pendant light lamp shade all shapes and sizes available",LAMPSHADE,drum,24.99,11,24,"drum-lampshades|printed-lampshades|velvet-lampshades",available,no,IMAGES_DOWNLOADED
handmade-by-order-lucky-deep-orange-velvet-and-fish-pattern-inside-drum-lamp-shade-pendant-light-lamp-shade-all-shapes-and-sizes-available,"Lucky Deep Orange Velvet And Fish Pattern Inside","Handmade by order lucky deep orange velvet and fish pattern inside drum lamp shade pendant light lamp shade all shapes and sizes available",LAMPSHADE,drum,24.99,11,24,"drum-lampshades|printed-lampshades|velvet-lampshades",available,no,IMAGES_DOWNLOADED
handmade-by-order-luxurious-abstract-blue-yellow-green-water-paint-art-drum-velvet-lamp-shade-pendant-light-lamp-shade-all-sizes-and-shapes,"Luxurious Abstract Blue Yellow Green Water Paint Art Drum Velvet","Handmade by order luxurious abstract blue yellow green water paint art drum velvet lamp shade pendant light lamp shade all sizes and shapes",LAMPSHADE,drum,24.99,10,240,"drum-lampshades|printed-lampshades|velvet-lampshades",available,no,IMAGES_DOWNLOADED
handmade-by-order-luxurious-abstract-jade-green-and-golden-paint-art-drum-velvet-lamp-shade-pendant-light-lamp-shade-all-sizes-and-shapes,"Luxurious Abstract Jade Green And Golden Paint Art Drum Velvet","Handmade by order luxurious abstract jade green and golden paint art drum velvet lamp shade pendant light lamp shade all sizes and shapes",LAMPSHADE,drum,24.99,12,240,"drum-lampshades|printed-lampshades|velvet-lampshades",available,no,IMAGES_DOWNLOADED
handmade-by-order-luxurious-abstract-jade-green-teal-gold-drum-velvet-lamp-shade-pendant-light-lamp-shade-all-sizes-and-shapes-available,"Luxurious Abstract Jade Green Teal Gold Drum Velvet","Handmade by order luxurious abstract jade green teal gold drum velvet lamp shade pendant light lamp shade all sizes and shapes available",LAMPSHADE,drum,24.99,10,240,"drum-lampshades|our-collections|printed-lampshades|velvet-lampshades",available,no,IMAGES_DOWNLOADED
handmade-by-order-luxurious-abstract-teal-gold-round-circle-drum-velvet-lamp-shade-pendant-light-lamp-shade-all-sizes-and-shapes-available,"Luxurious Abstract Teal Gold Round Circle Drum Velvet","Handmade by order luxurious abstract teal gold round circle drum velvet lamp shade pendant light lamp shade all sizes and shapes available",LAMPSHADE,drum,24.99,9,240,"drum-lampshades|our-collections|printed-lampshades|velvet-lampshades",available,no,IMAGES_DOWNLOADED
handmade-by-order-luxury-abstract-wave-pattern-design-in-brige-blue-grey-pattern-rectangular-shape-lamp-shade-pendant-light-shade,"Luxury Abstract Wave Pattern Design In Brige Blue Grey Pattern","Handmade by order luxury abstract wave pattern design in brige blue grey pattern RECTANGULAR shape lamp shade pendant light shade",LAMPSHADE,rectangular,34.99,6,80,"our-collections|printed-lampshades|rectangular-lampshades|velvet-lampshades",available,no,IMAGES_DOWNLOADED
handmade-by-order-luxury-abstract-wave-pattern-multicoloured-on-velvet-drum-lamp-shade-pendant-light-shade-all-shapes-and-sizes-available,"Luxury Abstract Wave Pattern Multicoloured On Velvet Shade","Handmade by order luxury abstract wave pattern multicoloured on velvet drum lamp shade pendant light shade all shapes and sizes available",LAMPSHADE,drum,24.99,11,240,"drum-lampshades|our-collections|printed-lampshades|velvet-lampshades",available,no,IMAGES_DOWNLOADED
handmade-by-order-luxury-abstract-wave-pattern-multicoloured-on-velvet-rounded-rectangular-lamp-shade-pendant-light-shade-all-shapes-and-sizes-copy,"luxury black gold leaf plant tree pattern velvet Rounded RECTANGULAR","Handmade by order luxury black gold leaf plant tree pattern velvet Rounded RECTANGULAR shape table and ceiling lamp shade all shapes",LAMPSHADE,rectangular,34.99,5,80,"printed-lampshades|rectangular-lampshades|velvet-lampshades",available,no,IMAGES_DOWNLOADED
handmade-by-order-luxury-antique-metal-rusting-orange-teal-grey-combination-velvet-drum-lamp-shade-pendant-light-lamp-shade-all-shapes-sizes,"Luxury Antique Metal Rusting Orange Teal Grey Combination Velvet Sizes","handmade by order luxury antique metal rusting orange teal grey combination velvet drum lamp shade pendant light lamp shade all shapes sizes",LAMPSHADE,drum,24.99,10,240,"drum-lampshades|our-collections|printed-lampshades|velvet-lampshades",available,no,IMAGES_DOWNLOADED
handmade-by-order-luxury-antique-metal-rusting-orange-teal-grey-combination-velvet-rounded-square-lamp-shade-pendant-light-lamp-shade-all,"Luxury Antique Metal Rusting Orange Teal Grey Combination Velvet All","handmade by order luxury antique metal rusting orange teal grey combination velvet ROUNDED SQUARE lamp shade pendant light lamp shade all",LAMPSHADE,square,29.99,8,140,"printed-lampshades|square-lampshades|velvet-lampshades",available,no,IMAGES_DOWNLOADED
handmade-by-order-luxury-antique-orange-rusting-abstract-teal-grey-orange-pattern-rounded-rectangular-shape-lamp-shade-pendant-light-lamp-sh,"luxury antique orange rusting abstract teal grey orange pattern ROUNDED","Handmade by order luxury antique orange rusting abstract teal grey orange pattern ROUNDED RECTANGULAR shape lamp shade pendant light lamp sh",LAMPSHADE,rectangular,34.99,4,80,"printed-lampshades|rectangular-lampshades|velvet-lampshades",available,no,IMAGES_DOWNLOADED
handmade-by-order-luxury-antique-rust-teal-and-gold-grunge-pattern-drum-velvet-lamp-shade-pendant-light-lamp-shade-all-shapes-and-sizes,"Luxury Antique Rust Teal And Gold Grunge Pattern Drum Velvet","Handmade by order luxury antique rust teal and gold grunge pattern drum velvet lamp shade pendant light lamp shade all shapes and sizes",LAMPSHADE,drum,24.99,8,240,"drum-lampshades|our-collections|printed-lampshades|velvet-lampshades",available,no,IMAGES_DOWNLOADED
handmade-by-order-luxury-black-and-pink-wave-abstract-pattern-on-velvet-drum-lamp-shade-pendant-light-shade-all-shapes-and-sizes-available,"Luxury Black And Pink Wave Abstract Pattern On Velvet Shade","Handmade by order luxury black and pink wave abstract pattern on velvet drum lamp shade pendant light shade all shapes and sizes available",LAMPSHADE,drum,24.99,10,240,"drum-lampshades|printed-lampshades|velvet-lampshades",available,no,IMAGES_DOWNLOADED
handmade-by-order-luxury-black-and-white-large-leaf-patterned-drum-velvet-lamp-shade-pendant-light-lamp-shade-all-shapes-and-sizes-available,"Luxury Black And White Large Leaf Patterned Drum Velvet","Handmade by order luxury black and white large leaf patterned drum velvet lamp shade pendant light lamp shade all shapes and sizes available",LAMPSHADE,drum,24.99,10,240,"drum-lampshades|printed-lampshades|velvet-lampshades",available,no,IMAGES_DOWNLOADED
handmade-by-order-luxury-black-chevron-zigzag-geometric-pattern-on-yellow-gold-velvet-drum-lamp-shade-pendant-light-lamp-shade-all-shapes,"Luxury Black Chevron Zigzag Geometric Pattern On Yellow Gold Velvet","Handmade by order luxury black chevron zigzag geometric pattern on yellow gold velvet drum lamp shade pendant light lamp shade all shapes",LAMPSHADE,drum,24.99,10,240,"our-collections|printed-lampshades|velvet-lampshades",available,no,IMAGES_DOWNLOADED
handmade-by-order-luxury-black-gold-large-monstera-leaf-plant-tree-pattern-velvet-rounded-rectangular-shape-table-and-ceiling-lamp-shade,"luxury black gold large monstera leaf plant tree pattern velvet Rounded","Handmade by order luxury black gold large monstera leaf plant tree pattern velvet Rounded RECTANGULAR shape table and ceiling lamp shade",LAMPSHADE,rectangular,34.99,5,80,"printed-lampshades|rectangular-lampshades|velvet-lampshades",available,no,IMAGES_DOWNLOADED
handmade-by-order-luxury-black-gold-lava-abstract-marble-geometric-pattern-rectangular-shape-lamp-shade-pendant-shade-all-shapes-sizes-avail,"luxury black gold lava abstract marble geometric pattern RECTANGULAR","Handmade by order luxury black gold lava abstract marble geometric pattern RECTANGULAR shape lamp shade pendant shade all shapes sizes avail",LAMPSHADE,rectangular,34.99,8,80,"our-collections|printed-lampshades|rectangular-lampshades|velvet-lampshades",available,no,IMAGES_DOWNLOADED
handmade-by-order-luxury-black-gold-leaf-plant-tree-pattern-velvet-drum-table-and-ceiling-lamp-shade-all-shapes-and-sizes-available,"Luxury Black Gold Leaf Plant Tree Pattern Velvet Drum Table And Ceiling","Handmade by order luxury black gold leaf plant tree pattern velvet drum table and ceiling lamp shade all shapes and sizes available",LAMPSHADE,drum,24.99,10,240,"drum-lampshades|printed-lampshades|velvet-lampshades",available,no,IMAGES_DOWNLOADED
handmade-by-order-luxury-black-gold-leaf-plant-tree-pattern-velvet-rounded-rectangular-shape-table-and-ceiling-lamp-shade-all-shapes-copy,"abstract jade green paint abstract patch pattern ROUNDED RECTANGULAR","Handmade by order abstract jade green paint abstract patch pattern ROUNDED RECTANGULAR velvet lamp shade pendant light lamp shade all sizes and shapes",LAMPSHADE,rectangular,34.99,6,80,"printed-lampshades|rectangular-lampshades|velvet-lampshades",available,no,IMAGES_DOWNLOADED
handmade-by-order-luxury-black-gold-stones-lava-abstract-geometric-pattern-drum-velvet-lamp-shade-pendant-light-lamp-shade-all-shapes-sizes,"Luxury Black Gold Stones Lava Abstract Geometric Pattern Drum Velvet","Handmade by order luxury black gold stones lava abstract geometric pattern drum velvet lamp shade pendant light lamp shade all shapes sizes",LAMPSHADE,drum,24.99,10,240,"drum-lampshades|our-collections|printed-lampshades|velvet-lampshades",available,no,IMAGES_DOWNLOADED
handmade-by-order-luxury-black-gold-teal-marble-rasin-geometric-abstract-art-velvet-cushion-cover-all-sizes-available-copy,"Bottle Green Gold Foil Effect Velvet Cushion Covers Sizes","Handmade by order bottle green gold foil effect velvet cushion covers all shapes sizes available",CUSHION,,34.99,2,2,"cushion-covers",available,no,IMAGES_DOWNLOADED
handmade-by-order-luxury-black-linen-fabric-black-and-gold-lining-lamo-shade-15cm-diameter-x-20cm-h-9-units,"Luxury Black Linen Fabric Black And Gold Lining 15cm Diameter X 20cm H.","Handmade by order luxury black linen fabric black and gold lining lamp shade 15cm diameter x 20cm h. 9 units",LAMPSHADE,,24.99,1,10,"linen-lampshades|printed-lampshades|velvet-lampshades",available,no,IMAGES_DOWNLOADED
handmade-by-order-luxury-blue-gold-marble-wave-abstract-art-velvet-drum-lamp-shade-pendant-light-lamp-shade-all-shapes-and-sizes-available,"Luxury Blue Gold Marble Wave Abstract Art Velvet","Handmade by order luxury blue gold marble wave abstract art velvet drum lamp shade pendant light lamp shade all shapes and sizes available",LAMPSHADE,drum,24.99,10,240,"drum-lampshades|our-collections|printed-lampshades|velvet-lampshades",available,no,IMAGES_DOWNLOADED
handmade-by-order-luxury-blue-gold-marble-wave-velvet-oval-lamp-shade-pendant-light-lamp-shade-all-sizes-and-shapes-available-on-demand,"Luxury Blue Gold Marble Wave Velvet","Handmade by order luxury blue gold marble wave velvet OVAL lamp shade pendant light lamp shade all sizes and shapes available on demand",LAMPSHADE,oval,27.99,7,100,"oval-lampshades|printed-lampshades|velvet-lampshades",available,no,IMAGES_DOWNLOADED
handmade-by-order-luxury-blue-laser-beem-geometry-pattern-black-velvet-drum-lamp-shade-pendant-light-lamp-shade-all-shapes-and-sizes-available,"Luxury Blue Laser Beem Geometry Pattern Black Velvet","Handmade by order luxury blue laser beem geometry pattern black velvet drum lamp shade pendant light lamp shade all shapes and sizes available",LAMPSHADE,drum,24.99,9,240,"drum-lampshades|printed-lampshades|velvet-lampshades",available,no,IMAGES_DOWNLOADED
handmade-by-order-luxury-bottle-dark-green-velvet-and-leaf-pattern-inside-drum-lamp-shade-pendant-light-lamp-shade-all-shapes-and-sizes-avai,"Luxury Bottle Dark Green Velvet And Leaf Pattern Inside Avai","Handmade by order luxury bottle dark green velvet and leaf pattern inside drum lamp shade pendant light lamp shade all shapes and sizes avai",LAMPSHADE,drum,24.99,10,240,"drum-lampshades|printed-lampshades|velvet-lampshades",available,no,IMAGES_DOWNLOADED
handmade-by-order-luxury-brown-beige-wooden-patterned-velvet-geometric-pattern-drum-lamp-shade-pendant-light-lamp-shade-all-shapes-available,"Luxury Brown Beige Wooden Patterned Velvet Geometric Pattern","Handmade by order luxury brown beige wooden patterned velvet geometric pattern drum lamp shade pendant light lamp shade all shapes available",LAMPSHADE,drum,24.99,11,240,"drum-lampshades|printed-lampshades|velvet-lampshades",available,no,IMAGES_DOWNLOADED
handmade-by-order-luxury-cotton-multicoloured-geometric-pattern-cubes-on-velvet-drum-lamp-shade-pendant-light-shade-all-shapes-and-sizes,"Luxury Cotton Multicoloured Geometric Pattern Cubes On Velvet Shade","Handmade by order luxury cotton multicoloured geometric pattern cubes on velvet drum lamp shade pendant light shade all shapes and sizes",LAMPSHADE,drum,24.99,7,240,"drum-lampshades|velvet-lampshades",available,no,IMAGES_DOWNLOADED
handmade-by-order-luxury-cuerden-iliv-tree-branches-engraved-pattern-on-midnight-blue-silk-fabric-oval-lamp-shade-pendant-shade-all-sizes,"Luxury Cuerden Iliv Tree Branches Engraved Pattern On Midnight Blue","Handmade by order luxury cuerden iliv tree branches engraved pattern on midnight blue silk fabric OVAL lamp shade pendant shade all sizes",LAMPSHADE,oval,27.99,6,100,"oval-lampshades|printed-lampshades|velvet-lampshades",available,no,IMAGES_DOWNLOADED
handmade-by-order-luxury-dark-blue-gold-marble-and-gold-wave-abstract-pattern-velvet-cushion-covers-bespoke-sizes-available-copy,"luxury grey retro geometric abstract wooden abstract velvet Cushion","Handmade by order luxury grey retro geometric abstract wooden abstract velvet Cushion covers bespoke sizes available",CUSHION,,34.99,2,2,"cushion-covers",available,no,IMAGES_DOWNLOADED
handmade-by-order-luxury-deep-blue-and-gold-wave-marble-pattern-on-velvet-drum-lamp-shade-pendant-light-lamp-shade-all-shapes-and-sizes-avai,"Luxury Deep Blue And Gold Wave Marble Pattern On Velvet Avai","Handmade by order luxury deep blue and gold wave marble pattern on velvet drum lamp shade pendant light lamp shade all shapes and sizes avai",LAMPSHADE,drum,24.99,10,240,"drum-lampshades|our-collections|printed-lampshades|velvet-lampshades",available,no,IMAGES_DOWNLOADED
handmade-by-order-luxury-deep-dark-blue-and-digital-teal-leaf-plant-pattern-double-sided-lamp-shade-pendant-light-shade-all-shapes-and-sizes,"Luxury Deep Dark Blue And Digital Teal Leaf Plant Pattern Double Sided","handmade by order luxury deep dark blue and digital teal leaf plant pattern double sided lamp shade pendant light shade all shapes and sizes",LAMPSHADE,,24.99,11,24,"drum-lampshades|printed-lampshades|velvet-lampshades",available,no,IMAGES_DOWNLOADED
handmade-by-order-luxury-emerald-dark-green-marble-abstract-art-velvet-two-three-tiered-lamp-shade-with-metallic-plain-linings,"Luxury Emerald Dark Green Marble Abstract Art Velvet Two Three Tiered","Handmade by order luxury emerald dark green marble abstract art velvet two three tiered lamp shade with metallic plain linings",LAMPSHADE,tiered,95.00,5,40,"printed-lampshades|tired-pendant-lampshade|velvet-lampshades",available,no,IMAGES_DOWNLOADED
handmade-by-order-luxury-emerald-green-crocodile-skin-print-velvet-drum-lamp-shade-pendant-light-lamp-shade-all-shapes-and-sizes-available,"Luxury Emerald Green Crocodile Skin Print Velvet","Handmade by order luxury emerald green crocodile skin print velvet drum lamp shade pendant light lamp shade all shapes and sizes available",LAMPSHADE,drum,24.99,10,240,"drum-lampshades|our-collections|printed-lampshades|velvet-lampshades",available,no,IMAGES_DOWNLOADED
handmade-by-order-luxury-exotic-birds-peacock-birds-foral-pattern-drum-lamp-shade-pendant-light-lamp-shade-all-shapes-and-sizes-available,"Luxury Exotic Birds Peacock Birds Foral Pattern","Handmade by order luxury exotic birds peacock birds foral pattern drum lamp shade pendant light lamp shade all shapes and sizes available",LAMPSHADE,drum,24.99,7,240,"drum-lampshades|printed-lampshades|velvet-lampshades",available,no,IMAGES_DOWNLOADED
handmade-by-order-luxury-gold-grange-pattern-in-black-velvet-drum-lamp-shade-pendant-light-lamp-shade-all-shapes-and-sizes-available,"Luxury Gold Grange Pattern In Black Velvet","Handmade by order luxury gold grange pattern in black velvet drum lamp shade pendant light lamp shade all shapes and sizes available",LAMPSHADE,drum,24.99,12,240,"drum-lampshades|printed-lampshades|velvet-lampshades",available,no,IMAGES_DOWNLOADED
handmade-by-order-luxury-gold-paint-art-abstract-old-bamboo-print-on-velvet-drum-lamp-shade-pendant-light-lamp-shade-all-shapes-and-sizes,"Luxury Gold Paint Art Abstract Old Bamboo Print On Velvet","Handmade by order luxury gold paint art abstract old bamboo print on velvet drum lamp shade pendant light lamp shade all shapes and sizes",LAMPSHADE,drum,24.99,10,240,"drum-lampshades|our-collections|printed-lampshades|velvet-lampshades",available,no,IMAGES_DOWNLOADED
handmade-by-order-luxury-gold-paint-art-abstract-old-bamboo-print-on-velvet-drum-lamp-shade-pendant-light-lamp-shade-all-shapes-and-sizes-copy,"Luxury Charcoal Grey Anf Gold Foiled Shimmer Abstract Art Design Sizes","Handmade by order luxury charcoal grey anf gold foiled shimmer abstract art design drum lamp shade pendant light lamp shade all shapes sizes",LAMPSHADE,drum,24.99,10,240,"drum-lampshades|foil-lined-lampshades|printed-lampshades|velvet-lampshades",available,no,IMAGES_DOWNLOADED
handmade-by-order-luxury-gold-shimmer-foiled-on-white-velvet-drum-lamp-shade-pendant-light-shade-all-shapes-and-sizes-available,"Luxury Gold Shimmer Foiled On White Velvet Shade","handmade by order luxury gold shimmer foiled on white velvet drum lamp shade pendant light shade all shapes and sizes available",LAMPSHADE,drum,24.99,10,240,"drum-lampshades|our-collections|foil-lined-lampshades|printed-lampshades|velvet-lampshades",available,no,IMAGES_DOWNLOADED
handmade-by-order-luxury-graphite-dark-grey-velvet-and-autumn-leaves-pattern-drum-lamp-shade-pendant-light-lamp-shade-all-shapes-and-sizes,"Luxury Graphite Dark Grey Velvet And Autumn Leaves Pattern","Handmade by order luxury graphite dark grey velvet and autumn leaves pattern drum lamp shade pendant light lamp shade all shapes and sizes",LAMPSHADE,drum,24.99,11,240,"drum-lampshades|printed-lampshades|velvet-lampshades",available,no,IMAGES_DOWNLOADED
handmade-by-order-luxury-grey-charcoal-leaf-pattern-on-beige-velvet-lamp-shade-pendant-light-lamp-shade-all-shapes-and-sizes-available,"Luxury Grey Charcoal Leaf Pattern On Beige Velvet","Handmade by order luxury grey charcoal leaf pattern on beige velvet lamp shade pendant light lamp shade all shapes and sizes available",LAMPSHADE,,24.99,10,240,"drum-lampshades|printed-lampshades|velvet-lampshades",available,no,IMAGES_DOWNLOADED
handmade-by-order-luxury-jade-green-marble-wave-abstract-art-velvet-drum-lamp-shade-pendant-light-lamp-shade-all-shapes-and-sizes-available,"Luxury Jade Green Marble Wave Abstract Art Velvet","Handmade by order luxury jade green marble wave abstract art velvet drum lamp shade pendant light lamp shade all shapes and sizes available",LAMPSHADE,drum,24.99,9,240,"drum-lampshades|our-collections|printed-lampshades|velvet-lampshades",available,no,IMAGES_DOWNLOADED
handmade-by-order-luxury-jade-teal-blue-and-gold-cube-abstract-pattern-drum-velvet-lamp-shade-pendant-light-lamp-shade-all-shapes-and-sizes,"Luxury Jade Teal Blue And Gold Cube Abstract Pattern Drum Velvet","Handmade by order luxury jade teal blue and gold cube abstract pattern drum velvet lamp shade pendant light lamp shade all shapes and sizes",LAMPSHADE,drum,24.99,8,240,"drum-lampshades|our-collections|printed-lampshades|velvet-lampshades",available,no,IMAGES_DOWNLOADED
handmade-by-order-luxury-jade-teal-blue-and-gold-cube-abstract-pattern-velvet-cushion-covers-bespoke-sizes-available,"luxury jade teal blue and gold cube abstract pattern velvet Cushion","Handmade by order luxury jade teal blue and gold cube abstract pattern velvet Cushion covers bespoke sizes available",CUSHION,,34.99,1,2,"cushion-covers",available,no,IMAGES_DOWNLOADED
handmade-by-order-luxury-jungle-and-bangal-tiger-on-velvet-drum-lamp-shade-pendant-light-lamp-shade-pendant-shade-all-shapes-and-sizes,"Luxury Jungle And Bangal Tiger On Velvet Shade","Handmade by order luxury jungle and bangal tiger on velvet drum lamp shade pendant light lamp shade pendant shade all shapes and sizes",LAMPSHADE,drum,24.99,9,240,"drum-lampshades|printed-lampshades|velvet-lampshades",available,no,IMAGES_DOWNLOADED
handmade-by-order-luxury-light-blue-marble-and-gold-wave-abstract-pattern-velvet-cushion-covers-bespoke-sizes-available,"luxury light blue marble and gold wave abstract pattern velvet Cushion","Handmade by order luxury light blue marble and gold wave abstract pattern velvet Cushion covers bespoke sizes available",CUSHION,,34.99,2,2,"cushion-covers",available,no,IMAGES_DOWNLOADED
handmade-by-order-luxury-light-blue-moroccan-geometric-tile-pattern-drum-lamp-shade-pendant-light-lamp-shade-all-shapes-and-size-available-copy,"Abstract Jade Green Paint Abstract Patch Pattern Drum Velvet","Handmade by order abstract jade green paint abstract patch pattern drum velvet lamp shade pendant light lamp shade all sizes and shapes",LAMPSHADE,drum,24.99,7,250,"drum-lampshades|printed-lampshades|velvet-lampshades",available,no,IMAGES_DOWNLOADED
handmade-by-order-luxury-metal-oxidation-rusting-print-velvet-drum-lamp-shade-pendant-light-lamp-shade-spice-copper-teal-all-shapes-and-size,"Luxury Metal Oxidation Rusting Print Velvet Spice Copper Teal","Handmade by order luxury metal oxidation rusting print velvet drum lamp shade pendant light lamp shade spice copper teal all shapes and size",LAMPSHADE,drum,24.99,9,240,"drum-lampshades|our-collections|printed-lampshades|velvet-lampshades",available,no,IMAGES_DOWNLOADED
handmade-by-order-luxury-mink-gold-foild-velvet-drum-lamp-shade-pendant-light-lamp-shade-all-shapes-and-sizes-available,"Luxury Mink Gold Foild Velvet","Handmade by order luxury mink gold foild velvet drum lamp shade pendant light lamp shade all shapes and sizes available",LAMPSHADE,drum,24.99,11,240,"drum-lampshades|foil-lined-lampshades|printed-lampshades|velvet-lampshades",available,no,IMAGES_DOWNLOADED
handmade-by-order-luxury-mink-gold-foiled-velvet-rectangular-lamp-shade-pendant-light-lamp-shade-all-shapes-and-sizes-available,"Luxury Mink Gold Foiled Velvet","Handmade by order luxury mink gold foiled velvet rectangular lamp shade pendant light lamp shade all shapes and sizes available",LAMPSHADE,rectangular,34.99,7,80,"foil-lined-lampshades|printed-lampshades|rectangular-lampshades|velvet-lampshades",available,no,IMAGES_DOWNLOADED
handmade-by-order-luxury-multi-colour-beach-pebble-stone-on-velvet-drum-lamp-shade-ceiling-lamp-shade-all-shapes-and-sizes-available,"Luxury Multi Colour Beach Pebble Stone On Velvet Ceiling","Handmade by order luxury multi colour beach pebble stone on velvet drum lamp shade ceiling lamp shade all shapes and sizes available",LAMPSHADE,drum,24.99,7,240,"drum-lampshades|our-collections|printed-lampshades|velvet-lampshades",available,no,IMAGES_DOWNLOADED
handmade-by-order-luxury-multi-colour-brush-strokes-abstract-art-print-velvet-cushion-covers-any-size-available-copy,"Pink Blue Gold Foil Effect Abstract Paint Art Velvet Cushion Covers","Handmade by order pink blue gold foil effect abstract paint art velvet cushion covers all shapes sizes available",CUSHION,,34.99,5,2,"cushion-covers",available,no,IMAGES_DOWNLOADED
handmade-by-order-luxury-multi-colour-brush-strokes-abstract-art-print-velvet-drum-lamp-shade-pendant-light-lamp-shade-all-shapes-and-sizes,"Luxury Multi Colour Brush Strokes Abstract Art Print Velvet","Handmade by order luxury multi colour brush strokes abstract art print velvet drum lamp shade pendant light lamp shade all shapes and sizes",LAMPSHADE,drum,24.99,10,240,"drum-lampshades|our-collections|printed-lampshades|velvet-lampshades",available,no,IMAGES_DOWNLOADED
handmade-by-order-luxury-multi-colour-pink-gold-brush-strokes-abstract-art-print-velvet-drum-lamp-shade-pendant-light-lamp-shade-all-shapes,"Luxury Multi Colour Pink Gold Brush Strokes Abstract Art Print Velvet","Handmade by order luxury multi colour pink gold brush strokes abstract art print velvet drum lamp shade pendant light lamp shade all shapes",LAMPSHADE,drum,24.99,8,240,"drum-lampshades|printed-lampshades|velvet-lampshades",available,no,IMAGES_DOWNLOADED
handmade-by-order-luxury-multi-coloured-zigzag-geometric-pattern-velvet-drum-lamp-shade-pendant-light-lamp-shade-all-shapes-and-sizes-availa,"Luxury Multi Coloured Zigzag Geometric Pattern Velvet Availa","Handmade by order luxury multi coloured zigzag geometric pattern velvet drum lamp shade pendant light lamp shade all shapes and sizes availa",LAMPSHADE,drum,24.99,10,240,"drum-lampshades|printed-lampshades|velvet-lampshades",available,no,IMAGES_DOWNLOADED
handmade-by-order-luxury-multicoloured-abstract-art-leopard-print-drum-velvet-lamp-shade-pendant-light-lamp-shade-all-shapes-and-sizes-avail-1,"Luxury Multicoloured Abstract Art Leopard Print Drum Velvet Avail","Handmade by order luxury multicoloured abstract art leopard print drum velvet lamp shade pendant light lamp shade all shapes and sizes avail",LAMPSHADE,drum,24.99,11,240,"drum-lampshades|printed-lampshades|velvet-lampshades",available,no,IMAGES_DOWNLOADED
handmade-by-order-luxury-mushroom-plants-leaves-in-jungle-pattern-velvet-cushion-covers-bespoke-sizes-available-copy,"Peacock Teal Blue Digital Flower Leaves Plant Pattern On Velvet","Handmade by order peacock teal blue digital flower leaves plant pattern on velvet cushions covers only all sizes available on demand",CUSHION,,34.99,2,2,"cushion-covers",available,no,IMAGES_DOWNLOADED
handmade-by-order-luxury-neutral-gold-linen-look-pattern-leopard-print-drum-velvet-lamp-shade-pendant-light-lamp-shade-all-shapes-and-sizes,"Luxury Neutral Gold Linen Look Pattern Leopard Print Drum Velvet","Handmade by order luxury neutral gold linen look pattern leopard print drum velvet lamp shade pendant light lamp shade all shapes and sizes",LAMPSHADE,drum,24.99,10,240,"drum-lampshades|our-collections|linen-lampshades|printed-lampshades|velvet-lampshades",available,no,IMAGES_DOWNLOADED
handmade-by-order-luxury-neutral-gold-linen-look-pattern-leopard-print-drum-velvet-lamp-shade-pendant-light-lamp-shade-all-shapes-and-sizes-1,"Luxury Neutral Gold Linen Look Pattern Leopard Print Drum Velvet","Handmade by order luxury neutral gold linen look pattern leopard print drum velvet lamp shade pendant light lamp shade all shapes and sizes",LAMPSHADE,drum,24.99,10,240,"drum-lampshades|printed-lampshades|velvet-lampshades",available,no,IMAGES_DOWNLOADED
handmade-by-order-luxury-olive-dark-green-and-gold-paint-abstract-pattern-velvet-cushion-covers-bespoke-sizes-available-copy,"Luxury Dark Blue Gold Marble And Gold Wave Abstract Pattern Velvet","Handmade by order luxury dark blue gold marble and gold wave abstract pattern velvet Cushion covers bespoke sizes available",CUSHION,,34.99,1,2,"cushion-covers",available,no,IMAGES_DOWNLOADED
handmade-by-order-luxury-olive-dark-green-gold-abstract-paint-strock-art-velvet-drum-lamp-shade-pendant-light-lamp-shade-all-shapes,"Luxury Olive Dark Green Gold Abstract Paint Strock Art Velvet","Handmade by order luxury olive dark green gold abstract paint strock art velvet drum lamp shade pendant light lamp shade all shapes",LAMPSHADE,drum,24.99,7,240,"drum-lampshades|printed-lampshades|velvet-lampshades",available,no,IMAGES_DOWNLOADED
handmade-by-order-luxury-orange-yellow-multicoloured-retro-geometric-pattern-drum-lamp-shade-pendant-light-lamp-shade-all-shapes-and-sizes,"Luxury Orange Yellow Multicoloured Retro Geometric Pattern","Handmade by order luxury orange yellow multicoloured retro geometric pattern drum lamp shade pendant light lamp shade all shapes and sizes",LAMPSHADE,drum,24.99,10,240,"drum-lampshades|printed-lampshades|velvet-lampshades",available,no,IMAGES_DOWNLOADED
handmade-by-order-luxury-peacock-feathers-print-in-blue-navy-velvet-fabric-drum-lamp-shade-pendant-light-lamp-shade-all-shapes-and-sizes,"Luxury Peacock Feathers Print In Blue Navy Velvet","Handmade by order luxury peacock feathers print in blue navy velvet fabric drum lamp shade pendant light lamp shade all shapes and sizes",LAMPSHADE,drum,24.99,10,240,"drum-lampshades|printed-lampshades|velvet-lampshades",available,no,IMAGES_DOWNLOADED
handmade-by-order-luxury-petrol-paint-art-black-grey-floral-flowers-plant-drum-lamp-shade-pendant-light-lamp-shade-all-shapes-and-sizes-available,"Luxury Petrol Paint Art Black Grey Floral Flowers Plant","Handmade by order luxury petrol paint art black grey floral flowers plant drum lamp shade pendant light lamp shade all shapes and sizes available",LAMPSHADE,drum,24.99,11,240,"drum-lampshades|printed-lampshades|velvet-lampshades",available,no,IMAGES_DOWNLOADED
handmade-by-order-luxury-picasso-abstract-faces-art-print-on-velvet-drum-lamp-shade-pendant-light-lamp-shade-all-shapes-and-sizes-available,"Luxury Picasso Abstract Faces Art Print On Velvet","Handmade by order luxury picasso abstract faces art print on velvet drum lamp shade pendant light lamp shade all shapes and sizes available",LAMPSHADE,drum,24.99,9,240,"drum-lampshades|printed-lampshades|velvet-lampshades",available,no,IMAGES_DOWNLOADED
handmade-by-order-luxury-pink-blue-checkerboard-cube-pattern-on-velvet-drum-lamp-shade-pendant-light-lamp-shade-all-shapes-and-sizes-available,"Luxury Pink Blue Checkerboard Cube Pattern On Velvet","Handmade by order luxury pink blue checkerboard cube pattern on velvet drum lamp shade pendant light lamp shade all shapes and sizes available",LAMPSHADE,drum,24.99,11,240,"drum-lampshades|printed-lampshades|velvet-lampshades",available,no,IMAGES_DOWNLOADED
handmade-by-order-luxury-pink-blue-checkerboard-cube-pattern-on-velvet-drum-lamp-shade-pendant-light-lamp-shade-all-shapes-and-sizes-available-1,"Luxury Pink Blue Checkerboard Cube Pattern On Velvet","Handmade by order luxury pink blue checkerboard cube pattern on velvet drum lamp shade pendant light lamp shade all shapes and sizes available",LAMPSHADE,drum,24.99,11,240,"drum-lampshades|printed-lampshades|velvet-lampshades",available,no,IMAGES_DOWNLOADED
handmade-by-order-luxury-pink-peacock-feathers-on-velvet-drum-lamp-shade-pendant-light-lamp-shade-all-sizes-and-shapes-available,"Luxury Pink Peacock Feathers On Velvet","Handmade by order luxury pink peacock feathers on velvet drum lamp shade pendant light lamp shade all sizes and shapes available",LAMPSHADE,drum,24.99,9,240,"drum-lampshades|printed-lampshades|velvet-lampshades",available,no,IMAGES_DOWNLOADED
handmade-by-order-luxury-pink-red-black-geometric-print-abstract-art-design-velvet-drum-lamp-shade-pendant-light-lamp-shade-all-shapes-sizes,"Luxury Pink Red Black Geometric Print Abstract Art Design Velvet Sizes","Handmade by order luxury pink red black geometric print abstract art design velvet drum lamp shade pendant light lamp shade all shapes sizes",LAMPSHADE,drum,24.99,9,240,"drum-lampshades|printed-lampshades|velvet-lampshades",available,no,IMAGES_DOWNLOADED
handmade-by-order-luxury-pink-teal-blue-leopard-skin-dots-on-velvet-rounded-rectangular-lamp-shade-pendant-light-lamp-shade-all-shapes-and-s,"Luxury Pink Teal Blue Leopard Skin Dots On Velvet And S","Handmade by order luxury pink teal blue leopard skin dots on velvet rounded rectangular lamp shade pendant light lamp shade all shapes and s",LAMPSHADE,rectangular,34.99,5,80,"printed-lampshades|rectangular-lampshades|velvet-lampshades",available,no,IMAGES_DOWNLOADED
handmade-by-order-luxury-pink-teal-blue-leopard-skin-dots-on-velvet-rounded-rectangular-lamp-shade-pendant-light-lamp-shade-all-shapes-and-s-copy,"Luxury Abstract Wave Pattern Multicoloured On Velvet Shade","Handmade by order luxury abstract wave pattern multicoloured on velvet rounded rectangular lamp shade pendant light shade all shapes and sizes",LAMPSHADE,rectangular,34.99,5,80,"printed-lampshades|rectangular-lampshades|velvet-lampshades",available,no,IMAGES_DOWNLOADED
handmade-by-order-luxury-pumpkin-orange-velvet-and-fox-in-forest-pattern-drum-lamp-shade-pendant-light-lamp-shade-all-shapes-and-sizes-avail,"Luxury Pumpkin Orange Velvet And Fox In Forest Pattern Avail","Handmade by order luxury pumpkin orange velvet and fox in forest pattern drum lamp shade pendant light lamp shade all shapes and sizes avail",LAMPSHADE,drum,24.99,10,240,"drum-lampshades|printed-lampshades|velvet-lampshades",available,no,IMAGES_DOWNLOADED
handmade-by-order-luxury-purple-gold-stones-lava-abstract-geometric-pattern-drum-velvet-lamp-shade-pendant-light-lamp-shade-all-shapes-sizes,"Luxury Purple Gold Stones Lava Abstract Geometric Pattern Drum Velvet","Handmade by order luxury purple gold stones lava abstract geometric pattern drum velvet lamp shade pendant light lamp shade all shapes sizes",LAMPSHADE,drum,24.99,10,240,"drum-lampshades|printed-lampshades|velvet-lampshades",available,no,IMAGES_DOWNLOADED
handmade-by-order-luxury-purple-pink-floral-plant-pattern-drum-lamp-shade-pendant-light-lamp-shade-all-shapes-and-sizes-available,"Luxury Purple Pink Floral Plant Pattern","Handmade by order luxury purple pink floral plant pattern drum lamp shade pendant light lamp shade all shapes and sizes available",LAMPSHADE,drum,24.99,13,240,"drum-lampshades|our-collections|printed-lampshades|velvet-lampshades",available,no,IMAGES_DOWNLOADED
handmade-by-order-luxury-resin-wooden-teal-turquoise-blue-marble-pattern-drum-lamp-shade-pendant-light-lamp-shade-all-shapes-and-sizes-avail,"Luxury Resin Wooden Teal Turquoise Blue Marble Pattern Avail","Handmade by order luxury resin wooden teal turquoise blue marble pattern drum lamp shade pendant light lamp shade all shapes and sizes avail",LAMPSHADE,drum,24.99,9,240,"drum-lampshades|our-collections|printed-lampshades|velvet-lampshades",available,no,IMAGES_DOWNLOADED
handmade-by-order-luxury-royal-blue-gold-feathers-pattern-on-velvet-drum-lamp-shade-pendant-light-shade-all-shapes-and-sizes,"Luxury Royal Blue Gold Feathers Pattern On Velvet Shade","Handmade by order luxury royal blue gold feathers pattern on velvet drum lamp shade pendant light shade all shapes and sizes",LAMPSHADE,drum,24.99,6,250,"drum-lampshades|printed-lampshades|velvet-lampshades",available,no,IMAGES_DOWNLOADED
handmade-by-order-luxury-royal-blue-mushroom-fantasty-jungle-village-pattern-drum-lamp-shade-pendant-light-lamp-shade-all-shapes-and-sizes,"Luxury Royal Blue Mushroom Fantasty Jungle Village Pattern","Handmade by order luxury royal blue mushroom fantasty jungle village pattern drum lamp shade pendant light lamp shade all shapes and sizes",LAMPSHADE,drum,24.99,8,240,"drum-lampshades|printed-lampshades|velvet-lampshades",available,no,IMAGES_DOWNLOADED
handmade-by-order-luxury-scandi-floral-black-and-cream-combination-drum-lamp-shade-pendant-light-lamp-shade-all-shapes-and-sizes-available,"Luxury Scandi Floral Black And Cream Combination","Handmade by order luxury scandi floral black and cream combination drum lamp shade pendant light lamp shade all shapes and sizes available",LAMPSHADE,drum,24.99,12,240,"drum-lampshades|velvet-lampshades",available,no,IMAGES_DOWNLOADED
handmade-by-order-luxury-teal-gold-wave-abstract-pattern-oval-lamp-shade-pendant-light-lamp-shade-all-sizes-and-shapes-available-on-demand,"Luxury Teal Gold Wave Abstract Pattern","Handmade by order luxury teal gold wave abstract pattern OVAL lamp shade pendant light lamp shade all sizes and shapes available on demand",LAMPSHADE,oval,27.99,7,100,"our-collections|oval-lampshades|printed-lampshades|velvet-lampshades",available,no,IMAGES_DOWNLOADED
handmade-by-order-luxury-teal-golden-wave-abstract-art-print-velvet-candle-clip-small-coolie-lamp-shade-for-walls-and-small-table-lamps,"luxury teal golden wave abstract art print velvet CANDLE CLIP small for","handmade by order luxury teal golden wave abstract art print velvet CANDLE CLIP small coolie lamp shade for walls and small table lamps",LAMPSHADE,coolie,24.99,4,1,"coolie-lampshades|printed-lampshades|velvet-lampshades",available,no,IMAGES_DOWNLOADED
handmade-by-order-luxury-teal-golden-wave-pattern-abstract-art-print-on-velvet-drum-lamp-shade-pendant-light-lamp-shade-all-shapes-and-sizes,"Luxury Teal Golden Wave Pattern Abstract Art Print On Velvet","Handmade by order luxury teal golden wave pattern abstract art print on velvet DRUM lamp shade pendant light lamp shade all shapes and sizes",LAMPSHADE,drum,24.99,8,240,"drum-lampshades|our-collections|printed-lampshades|velvet-lampshades",available,no,IMAGES_DOWNLOADED
handmade-by-order-luxury-velevt-black-and-white-pearl-wave-marble-effect-with-pearl-beads-print-on-velvet-drum-lamp-shade-pendant-light-shad,"Luxury Velevt Black And White Pearl Wave Marble Effect With Pearl Beads","Handmade by order luxury velevt black and white pearl wave marble effect with pearl beads print on velvet drum lamp shade pendant light shad",LAMPSHADE,drum,24.99,11,240,"drum-lampshades|our-collections|printed-lampshades|velvet-lampshades",available,no,IMAGES_DOWNLOADED
handmade-by-order-luxury-water-coolers-floral-abstract-art-print-on-velvet-drum-lamp-shade-all-shapes-and-sizes-available,"Luxury Water Coolers Floral Abstract Art Print On Velvet","Handmade by order luxury water coolers floral abstract art print on velvet drum lamp shade all shapes and sizes available",LAMPSHADE,drum,24.99,11,240,"drum-lampshades|printed-lampshades|velvet-lampshades",available,no,IMAGES_DOWNLOADED
handmade-by-order-luxury-water-coolers-floral-abstract-art-print-on-velvet-drum-lamp-shade-all-shapes-and-sizes-available-1,"Luxury Water Coolers Floral Abstract Art Print On Velvet","Handmade by order luxury water coolers floral abstract art print on velvet drum lamp shade all shapes and sizes available",LAMPSHADE,drum,24.99,12,240,"drum-lampshades|printed-lampshades|velvet-lampshades",available,no,IMAGES_DOWNLOADED
handmade-by-order-luxury-white-blue-paint-brush-strips-strokes-art-print-velvet-drum-lamp-shade-pendant-light-lamp-shade-all-shapes-sizes,"Luxury White Blue Paint Brush Strips Strokes Art Print Velvet Sizes","Handmade by order luxury white blue paint brush strips strokes art print velvet drum lamp shade pendant light lamp shade all shapes sizes",LAMPSHADE,drum,24.99,11,240,"drum-lampshades|printed-lampshades|velvet-lampshades",available,no,IMAGES_DOWNLOADED
handmade-by-order-luxury-white-grey-gold-wave-marble-abstract-art-velvet-drum-lamp-shade-pendant-light-lamp-shade-all-shapes-and-sizes-linin,"Luxury White Grey Gold Wave Marble Abstract Art Velvet Linin","Handmade by order luxury white grey gold wave marble abstract art velvet drum lamp shade pendant light lamp shade all shapes and sizes linin",LAMPSHADE,drum,24.99,12,240,"drum-lampshades|our-collections|printed-lampshades|velvet-lampshades",available,no,IMAGES_DOWNLOADED
handmade-by-order-multi-rainbow-coloured-abstract-feathers-pattern-velvet-rounded-rectangular-shape-lamp-shade-pendant-shade-all-sizes-shapes-available-copy,"Luxury Light Blue Moroccan Geometric Tile Pattern","Handmade by order luxury light blue moroccan geometric tile pattern ROUNDED RECTANGULAR  lamp shade pendant light lamp shade all shapes and size available",LAMPSHADE,rectangular,34.99,6,80,"printed-lampshades|rectangular-lampshades|velvet-lampshades",available,no,IMAGES_DOWNLOADED
handmade-by-order-multicoloured-paint-art-on-antique-wooden-panels-print-on-velvet-cushions-cover-all-sizes-copy,"Luxury Black Gold Teal Marble Rasin Geometric Abstract Art Velvet","Handmade by order luxury black gold teal marble rasin geometric abstract art velvet cushion cover all sizes available",CUSHION,,34.99,1,2,"cushion-covers",available,no,IMAGES_DOWNLOADED
handmade-by-order-multicoloured-rainbow-coloured-abstract-feather-pattern-velvet-drum-shape-lamp-shade-pendant-shade-all-sizes-shapes-copy,"Luxury Light Blue Moroccan Geometric Tile Pattern","Handmade by order luxury light blue moroccan geometric tile pattern DRUM lamp shade pendant light lamp shade all shapes and size available",LAMPSHADE,drum,24.99,7,250,"drum-lampshades|printed-lampshades|velvet-lampshades",available,no,IMAGES_DOWNLOADED
handmade-by-order-multicoloured-rainbow-peacock-feathers-print-on-velvet-rounded-rectangular-shape-lamp-shade-pendant-lamp-light-shade,"Multicoloured Rainbow Peacock Feathers Print On Velvet Rounded","Handmade by order multicoloured rainbow peacock feathers print on velvet rounded rectangular shape lamp shade pendant lamp light shade",LAMPSHADE,rectangular,34.99,7,80,"printed-lampshades|rectangular-lampshades|velvet-lampshades",available,no,IMAGES_DOWNLOADED
handmade-by-order-orange-teal-retro-geometric-abstract-print-velvet-drum-lamp-shade-pendant-light-lamp-shade-all-shapes-and-sizes-avail,"Orange Teal Retro Geometric Abstract Print Velvet Avail","Handmade by order orange teal retro geometric abstract print velvet drum lamp shade pendant light lamp shade all shapes and sizes avail",LAMPSHADE,drum,24.99,9,240,"drum-lampshades|our-collections|printed-lampshades|velvet-lampshades",available,no,IMAGES_DOWNLOADED
handmade-by-order-peacock-teal-blue-digital-flower-leaves-plant-pattern-on-velvet-cushions-covers-only-all-sizes-available-on-demand-copy,"Luxury Multi Colour Brush Strokes Abstract Art Print Velvet Cushion","Handmade by order luxury multi colour brush strokes abstract art print velvet cushion covers any size available",CUSHION,,34.99,4,2,"cushion-covers",available,no,IMAGES_DOWNLOADED
handmade-by-order-vertical-stripped-mustard-teal-black-colour-strip-velvet-drum-lamp-shade-and-pendant-light-shade-all-shapes-and-size,"Vertical Stripped Mustard Teal Black Colour Strip Velvet And Shade","Handmade by order vertical stripped mustard teal black colour strip velvet drum lamp shade and pendant light shade all shapes and size",LAMPSHADE,drum,24.99,10,240,"drum-lampshades|printed-lampshades|velvet-lampshades",available,no,IMAGES_DOWNLOADED
handmade-by-order-yellow-gold-velvet-and-antique-green-gold-floral-print-double-sided-drum-lamp-shade-pendant-light-lights-lamp-shade,"Yellow Gold Velvet And Antique Green Gold Floral Print Double Sided","Handmade by order yellow gold velvet and antique green gold floral print double sided drum lamp shade pendant light lights lamp shade",LAMPSHADE,drum,24.99,9,24,"drum-lampshades|printed-lampshades|velvet-lampshades",available,no,IMAGES_DOWNLOADED
handmade-by-order-yellow-teal-brown-wave-pattern-velvet-drum-lamp-shade-pendant-light-lamp-shade-all-shapes-and-sizes-available-on-demand,"Yellow Teal Brown Wave Pattern Velvet","Handmade by order yellow teal brown wave pattern velvet drum lamp shade pendant light lamp shade all shapes and sizes available on demand",LAMPSHADE,drum,24.99,9,240,"drum-lampshades|velvet-lampshades",available,no,IMAGES_DOWNLOADED
handmade-by-order-zigzag-patch-multicoloured-geometric-pattern-velvet-drum-lamp-shade-pendant-light-lamp-shade-all-shapes-and-sizes-availabl,"Zigzag Patch Multicoloured Geometric Pattern Velvet Availabl","Handmade by order zigzag patch multicoloured geometric pattern velvet drum lamp shade pendant light lamp shade all shapes and sizes availabl",LAMPSHADE,drum,24.99,9,240,"drum-lampshades|our-collections|printed-lampshades|velvet-lampshades",available,no,IMAGES_DOWNLOADED
handmade-mink-grey-velvet-oval-lamp-shade-gold-foil-shimmer,"Handmade Mink Grey Velvet : Gold Foil Shimmer","Handmade Mink Grey Velvet Oval Lamp Shade: Gold Foil Shimmer",LAMPSHADE,oval,27.99,7,100,"foil-lined-lampshades|oval-lampshades|printed-lampshades|velvet-lampshades",available,no,IMAGES_DOWNLOADED
handmade-navy-tropical-parrot-lampshade-made-to-order,"Handmade Navy & Tropical Parrot - Made to Order","Handmade Navy & Tropical Parrot Lampshade - Made to Order",LAMPSHADE,,24.99,7,240,"drum-lampshades|printed-lampshades|velvet-lampshades",available,no,IMAGES_DOWNLOADED
handmade-satin-silk-lavender-purple-drum-lamp-shade,"Handmade Satin Silk Lavender Purple","Handmade Satin Silk Lavender Purple Drum Lamp Shade",LAMPSHADE,drum,24.99,8,240,"drum-lampshades|printed-lampshades|velvet-lampshades",available,no,IMAGES_DOWNLOADED
handmade-velvet-drum-lamp-shade-multicolored-abstract-pendant-ceiling-light-1,"Handmade Velvet : Multicolored Abstract Ceiling Light","Handmade Velvet Drum Lamp Shade: Multicolored Abstract Pendant Ceiling Light",LAMPSHADE,drum,24.99,14,240,"drum-lampshades|our-collections|printed-lampshades|velvet-lampshades",available,no,IMAGES_DOWNLOADED
luxury-velvet-lamp-shade-abstract-grey-gold-wave-pattern,"Luxury Velvet: Abstract Grey Gold Wave Pattern","Luxury Velvet Lamp Shade: Abstract Grey Gold Wave Pattern",LAMPSHADE,,24.99,10,240,"drum-lampshades|printed-lampshades|velvet-lampshades",available,no,IMAGES_DOWNLOADED
made-by-order-abstract-geometry-multicoloured-pattern-cushion-covers-any-size-on-demand-custom-size,"abstract geometry multicoloured Pattern cushion covers any size","Made by order abstract geometry multicoloured Pattern cushion covers any size on demand Custom Size",CUSHION,,34.99,3,2,"cushion-covers",available,no,IMAGES_DOWNLOADED
made-by-order-copper-brwon-feathers-effect-pattern-velvet-cushion-covers-any-size-on-demand-custom-size-copy,"wave pattern orange metal rusting effect Pattern cushion covers any size","Made by order wave pattern orange metal rusting effect Pattern cushion covers any size on demand Custom Size",CUSHION,,45.00,2,2,"cushion-covers",available,no,IMAGES_DOWNLOADED
made-by-order-large-black-and-golden-leaf-pattern-cushion-covers-any-size-on-demand-custom-size-copy,"Neutral Beige Leopard And Gold Effect Linen Look Pattern On Velvet","Handmade by order neutral beige leopard and gold effect linen look pattern on velvet cushion covers all shapes sizes available",CUSHION,,35.00,1,2,"cushion-covers",available,no,IMAGES_DOWNLOADED
made-by-order-peacock-bird-multicoloured-effect-pattern-velvet-cushion-covers-any-size-on-demand-custom-size-copy,"large black and golden leaf Pattern cushion covers any size","Made by order large black and golden leaf Pattern cushion covers any size on demand Custom Size",CUSHION,,35.00,1,2,"cushion-covers",available,no,IMAGES_DOWNLOADED
made-by-order-wave-pattern-abstract-multicoloured-pattern-cushion-covers-any-size-on-demand-custom-size-copy,"wave pattern abstract jade and gold paint art Pattern cushion covers","Made by order wave pattern abstract jade and gold paint art Pattern cushion covers any size on demand Custom Size",CUSHION,,35.00,2,2,"cushion-covers",available,no,IMAGES_DOWNLOADED
print-by-order-abstract-paint-strokes-in-navy-blue-gold-teal-combination-velvet-fabric-140cm,"Abstract Paint Strokes In Navy Blue Gold Teal Combination Velvet 140cm","Print by order abstract paint strokes in navy blue gold teal combination velvet fabric 140cm",FABRIC,,35.00,3,1,"fabrics",available,no,IMAGES_DOWNLOADED
print-by-order-black-gold-large-palm-leaf-print-velvet-fabric-available-on-demand,"Black Gold Large Palm Leaf Print Velvet","Print by order black gold large palm leaf print velvet fabric available on demand",FABRIC,,29.99,2,1,"fabrics",available,no,IMAGES_DOWNLOADED
print-by-order-luxury-abstract-paint-dry-peeling-art-velvet-fabric-140cm-wide,"Luxury Abstract Paint Dry Peeling Art Velvet","Print by order luxury abstract paint dry peeling art velvet fabric 140cm wide",FABRIC,,35.00,2,1,"fabrics",available,no,IMAGES_DOWNLOADED
print-by-order-luxury-black-brown-grey-wooden-geometric-pattern-design-velvet-fabric-140cm-wide,"Luxury Black Brown Grey Wooden Geometric Pattern Design Velvet","Print by order luxury black brown grey wooden geometric pattern design velvet fabric 140cm wide",FABRIC,,35.00,3,1,"fabrics",available,no,IMAGES_DOWNLOADED
print-by-order-luxury-black-petrol-art-floral-plant-pattern-velvet-fabric-140-cm-wide-sold-by-meter,"Luxury Black Petrol Art Floral Plant Pattern Velvet 140 Cm Wide","Print by order luxury black petrol art floral plant pattern velvet fabric 140 cm wide sold by meter",FABRIC,,35.00,2,1,"fabrics",available,no,IMAGES_DOWNLOADED
print-by-order-luxury-blue-gold-wave-marble-effect-velvet-fabric-140cm-wide-sold-by-meter,"Luxury Blue Gold Wave Marble Effect Velvet","Print by order luxury blue gold wave marble effect velvet fabric 140cm wide sold by meter",FABRIC,,35.00,2,1,"fabrics",available,no,IMAGES_DOWNLOADED
print-by-order-luxury-blue-space-light-geometric-art-print-velvet-on-black-velvet-fabric-150cm-wide,"Luxury Blue Space Light Geometric Art Print Velvet On Black Velvet","Print by order luxury blue space light geometric art print velvet on black velvet fabric 150cm wide",FABRIC,,35.00,3,1,"fabrics",available,no,IMAGES_DOWNLOADED
print-by-order-luxury-bottle-green-crocodile-skin-print-velvet-soft-fabric-140cm-wide,"Luxury Bottle Green Crocodile Skin Print Velvet Soft Fabric","Print by order luxury bottle green crocodile skin print velvet soft fabric 140cm wide",FABRIC,,35.00,3,1,"fabrics",available,no,IMAGES_DOWNLOADED
print-by-order-luxury-digy-peacock-pattern-plant-leaves-in-teal-blue-and-gold-pattern-velvet-fabric-sold-by-meter-140-wide,"Luxury Digy Peacock Pattern Plant Leaves In Teal Blue And Gold Pattern","Print by order luxury digy peacock pattern plant leaves in teal blue and gold pattern velvet fabric sold by meter 140 wide",FABRIC,,35.00,3,1,"fabrics",available,no,IMAGES_DOWNLOADED
print-by-order-luxury-floral-plants-large-multicoloured-leafs-plants-velvet-fabric-meter-140cm-wide,"Luxury Floral Plants Large Multicoloured Leafs Plants Velvet Meter","Print by order luxury floral plants large multicoloured leafs plants velvet fabric meter 140cm wide",FABRIC,,35.00,3,1,"fabrics",available,no,IMAGES_DOWNLOADED
print-by-order-luxury-green-and-golden-yellow-marble-effect-velvet-fabric-140cm-wide-sold-by-meter,"Luxury Green And Golden Yellow Marble Effect Velvet","Print by order luxury green and golden yellow marble effect velvet fabric 140cm wide sold by meter",FABRIC,,35.00,3,1,"fabrics",available,no,IMAGES_DOWNLOADED
print-by-order-luxury-green-yellow-teal-blue-water-colour-abstract-effect-velvet-fabric-140cm-wide-sold-by-meter,"Luxury Green Yellow Teal Blue Water Colour Abstract Effect Velvet","Print by order luxury green yellow teal blue water colour abstract effect velvet fabric 140cm wide sold by meter",FABRIC,,35.00,3,1,"fabrics",available,no,IMAGES_DOWNLOADED
print-by-order-luxury-green-yellow-teal-blue-water-colour-abstract-effect-velvet-fabric-140cm-wide-sold-by-meter-copy,"Teal Gold Wave Effect Print Velvet","Print by order teal gold wave effect print velvet fabric available on demand",FABRIC,,29.99,2,1,"fabrics",available,no,IMAGES_DOWNLOADED
print-by-order-luxury-grey-teal-blue-wooden-geometric-cube-abstract-retro-design-velvet-fabric-140cm-wide,"Luxury Grey Teal Blue Wooden Geometric Cube Abstract Retro Design Velvet","Print by order luxury grey teal blue wooden geometric cube abstract retro design velvet fabric 140cm wide",FABRIC,,35.00,2,1,"fabrics",available,no,IMAGES_DOWNLOADED
print-by-order-luxury-metal-oxidation-rusting-art-print-velvet-fabric-140cm-wide,"Luxury Metal Oxidation Rusting Art Print Velvet","Print by order luxury metal oxidation rusting art print velvet fabric 140cm wide",FABRIC,,35.00,3,1,"fabrics",available,no,IMAGES_DOWNLOADED
print-by-order-luxury-teal-blue-jade-and-gold-geometric-design-abstract-art-print-velvet-fabric-140cm-wide,"Luxury Teal Blue Jade And Gold Geometric Design Abstract Art Print","Print by order luxury teal blue jade and gold geometric design abstract art print velvet fabric 140cm wide",FABRIC,,35.00,1,1,"fabrics",available,no,IMAGES_DOWNLOADED
print-by-order-luxury-teal-gold-pattern-plant-leaves-in-teal-blue-and-gold-pattern-velvet-fabric-sold-by-meter-140-wide,"Luxury Teal Gold Pattern Plant Leaves In Teal Blue And Gold Pattern","Print by order luxury teal gold pattern plant leaves in teal blue and gold pattern velvet fabric sold by meter 140 wide",FABRIC,,35.00,3,1,"fabrics",available,no,IMAGES_DOWNLOADED
print-by-order-luxury-velvet-monstera-large-multicoloured-leafs-plants-print-velvet-by-meter,"Luxury Velvet Monstera Large Multicoloured Leafs Plants Print Velvet By","Print by order luxury velvet monstera large multicoloured leafs plants print velvet by meter",FABRIC,,35.00,2,1,"fabrics",available,no,IMAGES_DOWNLOADED
print-by-order-luxury-white-grey-gold-marble-effect-velvet-fabric-140cm-wide-sold-by-meter,"Luxury White Grey Gold Marble Effect Velvet","Print by order luxury white grey gold marble effect velvet fabric 140cm wide sold by meter",FABRIC,,35.00,3,1,"fabrics",available,no,IMAGES_DOWNLOADED
print-by-order-luxury-zigzag-geometric-multicolour-pattern-velvet-fabric-sold-by-meter-140cm-wide,"Luxury Zigzag Geometric Multicolour Pattern Velvet","Print by order luxury zigzag geometric multicolour pattern velvet fabric sold by meter 140cm wide",FABRIC,,35.00,2,1,"fabrics",available,no,IMAGES_DOWNLOADED
print-by-order-silver-grey-cream-teal-wave-effect-print-velvet-fabric-available-on-demand-140cm-wide,"Silver Grey Cream Teal Wave Effect Print Velvet","Print by order silver grey cream teal wave effect print velvet fabric available on demand 140cm wide",FABRIC,,29.99,3,1,"fabrics",available,no,IMAGES_DOWNLOADED
print-by-order-teal-blue-orange-tulip-floral-petrol-art-pattern-velvet-fabric-140-cm-wide-sold-by-meter,"Teal Blue Orange Tulip Floral Petrol Art Pattern Velvet 140 Cm Wide","Print by order teal blue orange tulip floral petrol art pattern velvet fabric 140 cm wide sold by meter",FABRIC,,35.00,3,1,"fabrics",available,no,IMAGES_DOWNLOADED
print-by-order-velvet-jade-green-petrol-art-floral-leaf-plant-print-velvet-fabric-sold-by-meter,"Velvet Jade Green Petrol Art Floral Leaf Plant Print Velvet","Print by order velvet jade green petrol art floral leaf plant print velvet fabric sold by meter",FABRIC,,35.00,3,1,"fabrics",available,no,IMAGES_DOWNLOADED
print-by-order-zigzag-chevron-geometric-multicoloured-velvet-fabric-on-demand,"Zigzag Chevron Geometric Multicoloured Velvet","Print by order zigzag chevron geometric multicoloured velvet fabric on demand",FABRIC,,29.99,2,1,"fabrics",available,no,IMAGES_DOWNLOADED
handmade-by-order-luxury-butterflies-and-plant-moon-pattern-on-velvet-black-lamp-shade-pendant-light-lamp-shade-all-shapes-and-sizes-available,"Luxury Butterflies And Plant Moon Pattern On Velvet Black","Handmade by order luxury butterflies and plant moon pattern on velvet black lamp shade pendant light lamp shade all shapes and sizes available",LAMPSHADE,,24.99,10,240,"drum-lampshades|printed-lampshades|velvet-lampshades",available,no,IMAGES_DOWNLOADED
handmade-by-order-mink-pink-and-gold-texture-abstract-art-design-print-on-velvet-drum-lamp-shade-pendant-light-lamp-shade-all-shapes-sizes,"Mink Pink And Gold Texture Abstract Art Design Print On Velvet Sizes","Handmade by order mink pink and gold texture abstract art design print on velvet drum lamp shade pendant light lamp shade all shapes sizes",LAMPSHADE,drum,24.99,12,250,"drum-lampshades|printed-lampshades|velvet-lampshades",available,no,IMAGES_DOWNLOADED
handmade-by-order-multicoloured-paint-art-on-antique-wooden-panels-print-on-velvet-cushions-cover-all-sizes,"Multicoloured Paint Art On Antique Wooden Panels Print On Velvet","Handmade by order multicoloured paint art on antique wooden panels print on velvet cushions cover all sizes",CUSHION,,34.99,1,2,"cushion-covers",available,no,IMAGES_DOWNLOADED
handmade-by-order-multicoloured-paint-art-on-antique-wooden-panels-print-on-velvet-drum-lamp-shade-pendant-light-lamp-shade-all-shapes-sizes,"Multicoloured Paint Art On Antique Wooden Panels Print On Velvet Sizes","Handmade by order multicoloured paint art on antique wooden panels print on velvet drum lamp shade pendant light lamp shade all shapes sizes",LAMPSHADE,drum,24.99,10,240,"drum-lampshades|our-collections|printed-lampshades|velvet-lampshades",available,no,IMAGES_DOWNLOADED
handmade-by-order-neutral-beige-leopard-and-gold-effect-linen-look-pattern-on-velvet-cushion-covers-all-shapes-sizes-available-copy,"wave pattern abstract multicoloured Pattern cushion covers any size","Made by order wave pattern abstract multicoloured Pattern cushion covers any size on demand Custom Size",CUSHION,,35.00,4,2,"cushion-covers",available,no,IMAGES_DOWNLOADED
handmade-by-order-peacock-teal-blue-digital-flower-leaves-plant-pattern-on-velvet-rounded-rectangular-table-and-ceiling-lamp-shade-all-sizes,"multi rainbow coloured abstract feathers pattern velvet ROUNDED","Handmade by order multi rainbow coloured abstract feathers pattern velvet ROUNDED RECTANGULAR shape lamp shade pendant shade all sizes shapes available",LAMPSHADE,rectangular,34.99,7,80,"printed-lampshades|rectangular-lampshades|velvet-lampshades",available,no,IMAGES_DOWNLOADED
handmade-by-order-pink-and-gold-texture-abstract-art-design-print-on-velvet-drum-lamp-shade-pendant-light-lamp-shade-all-shapes-sizes,"Pink And Gold Texture Abstract Art Design Print On Velvet Sizes","Handmade by order pink and gold texture abstract art design print on velvet drum lamp shade pendant light lamp shade all shapes sizes",LAMPSHADE,drum,24.99,7,250,"drum-lampshades|printed-lampshades|velvet-lampshades",available,no,IMAGES_DOWNLOADED
handmade-by-order-pink-blue-gold-foil-effect-abstract-paint-art-velvet-cushion-covers-all-shapes-sizes-available-copy,"luxury olive dark green and gold paint abstract pattern velvet Cushion","Handmade by order luxury olive dark green and gold paint abstract pattern velvet Cushion covers bespoke sizes available",CUSHION,,34.99,2,2,"cushion-covers",available,no,IMAGES_DOWNLOADED
handmade-by-order-purple-rose-floral-plant-print-on-velvet-drum-lamp-shade-pendant-light-lamp-shade-all-shapes-and-sizes-available,"Purple Rose Floral Plant Print On Velvet","Handmade by order purple rose floral plant print on velvet drum lamp shade pendant light lamp shade all shapes and sizes available",LAMPSHADE,drum,24.99,10,240,"drum-lampshades|printed-lampshades|velvet-lampshades",available,no,IMAGES_DOWNLOADED
handmade-by-order-studio-green-dark-green-grey-velvet-drum-lamp-shade-pendant-light-lamp-shade-all-sizes-and-shapes-available,"Studio Green Dark Green Grey Velvet","Handmade by order studio green dark green grey velvet drum lamp shade pendant light lamp shade all sizes and shapes available",LAMPSHADE,drum,24.99,8,240,"drum-lampshades|printed-lampshades|velvet-lampshades",available,no,IMAGES_DOWNLOADED
handmade-by-order-studio-green-dark-green-grey-velvet-drum-lamp-shade-pendant-light-lamp-shade-all-sizes-and-shapes-available-1,"luxury blue grey silver wave pattern Tapered empire shape velvet","Handmade by order luxury blue grey silver wave pattern Tapered empire shape velvet lamp shade pendant light lamp shade all shapes and sizes",LAMPSHADE,empire,29.99,7,230,"empire-lampshades|printed-lampshades|velvet-lampshades",available,no,IMAGES_DOWNLOADED
handmade-by-order-teal-blue-gold-antique-rust-velvet-cushion-covers-all-shapes-sizes-available,"Teal Blue Gold Antique Rust Velvet Cushion Covers Sizes","Handmade by order teal blue gold antique rust velvet cushion covers all shapes sizes available",CUSHION,,29.99,3,2,"cushion-covers",available,no,IMAGES_DOWNLOADED
handmade-by-order-teal-blue-grey-wave-abstract-pattern-on-velvet-cushion-covers-all-shapes-sizes-available,"Teal Blue Grey Wave Abstract Pattern On Velvet Cushion Covers Sizes","Handmade by order teal blue grey wave abstract pattern on velvet cushion covers all shapes sizes available",CUSHION,,35.00,1,2,"cushion-covers",available,no,IMAGES_DOWNLOADED
handmade-by-order-teal-blue-grey-wave-abstract-pattern-on-velvet-cushion-covers-all-shapes-sizes-available-copy,"peacock bird multicoloured effect Pattern velvet cushion covers any size","Made by order peacock bird multicoloured effect Pattern velvet cushion covers any size on demand Custom Size",CUSHION,,45.00,1,2,"cushion-covers",available,no,IMAGES_DOWNLOADED
handmade-by-order-teal-blue-water-colour-floral-pattern-velvet-drum-lamp-shade-pendant-light-lamp-shade-all-shapes-sizes-available,"Teal Blue water colour Floral pattern Velvet sizes","Handmade by order Teal Blue water colour Floral pattern Velvet Drum Lamp shade pendant light lamp shade all shapes sizes available",LAMPSHADE,drum,24.99,9,240,"drum-lampshades|printed-lampshades|velvet-lampshades",available,no,IMAGES_DOWNLOADED
handmade-by-order-teal-blue-wooden-retro-geometric-abstract-print-velvet-drum-lamp-shade-pendant-light-lamp-shade-all-shapes-and-sizes-avail,"Teal Blue Wooden Retro Geometric Abstract Print Velvet Avail","Handmade by order teal blue wooden retro geometric abstract print velvet drum lamp shade pendant light lamp shade all shapes and sizes avail",LAMPSHADE,drum,24.99,11,240,"drum-lampshades|our-collections|printed-lampshades|velvet-lampshades",available,no,IMAGES_DOWNLOADED
handmade-by-order-teal-green-and-gold-digital-peacock-feathers-pattern-velvet-drum-lamp-shade-pendant-light-shade-all-shapes-sizes,"Teal , Green And Gold Digital Peacock Feathers Pattern Velvet Shade","Handmade by order teal , green and gold digital peacock feathers pattern velvet drum lamp shade pendant light shade all shapes sizes",LAMPSHADE,drum,24.99,9,240,"drum-lampshades|printed-lampshades|velvet-lampshades",available,no,IMAGES_DOWNLOADED
handmade-by-order-teal-green-blue-pixel-texture-abstract-art-design-print-on-velvet-drum-lamp-shade-pendant-light-lamp-shade-all-shapes-size,"Teal Green Blue Pixel Texture Abstract Art Design Print On Velvet Size","Handmade by order teal green blue pixel texture abstract art design print on velvet drum lamp shade pendant light lamp shade all shapes size",LAMPSHADE,drum,24.99,12,250,"drum-lampshades|printed-lampshades|velvet-lampshades",available,no,IMAGES_DOWNLOADED
handmade-by-order-teal-green-blue-pixel-texture-abstract-art-design-print-on-velvet-drum-lamp-shade-pendant-light-lamp-shade-all-shapes-size-copy,"Multicoloured Rainbow Coloured Abstract Feather Pattern Velvet Drum","Handmade by order multicoloured rainbow coloured abstract feather pattern velvet drum shape lamp shade pendant shade all sizes shapes",LAMPSHADE,drum,24.99,7,250,"drum-lampshades|printed-lampshades|velvet-lampshades",available,no,IMAGES_DOWNLOADED
handmade-by-order-zigzag-patch-multicoloured-geometric-pattern-velvet-drum-lamp-shade-pendant-light-lamp-shade-all-shapes-and-sizes-availabl-1,"Zigzag Patch Multicoloured Geometric Pattern Velvet Availabl","Handmade by order zigzag patch multicoloured geometric pattern velvet drum lamp shade pendant light lamp shade all shapes and sizes availabl",LAMPSHADE,drum,24.99,9,240,"drum-lampshades|printed-lampshades|velvet-lampshades",available,no,IMAGES_DOWNLOADED
handmade-velvet-drum-lamp-shade-black-red-geometric-retro-design,"Handmade Velvet : Black Red Geometric Retro Design","Handmade Velvet Drum Lamp Shade: Black Red Geometric Retro Design",LAMPSHADE,drum,24.99,9,240,"drum-lampshades|printed-lampshades|velvet-lampshades",available,no,IMAGES_DOWNLOADED
handmade-velvet-drum-lamp-shade-multicolored-abstract-pendant-ceiling-light,"Handmade Velvet : Multicolored Abstract Ceiling Light","Handmade Velvet Drum Lamp Shade: Multicolored Abstract Pendant Ceiling Light",LAMPSHADE,drum,24.99,13,240,"drum-lampshades|our-collections|printed-lampshades|velvet-lampshades",available,no,IMAGES_DOWNLOADED
made-by-order-copper-brwon-feathers-effect-pattern-velvet-cushion-covers-any-size-on-demand-custom-size,"copper brwon feathers effect Pattern velvet cushion covers any size","Made by order copper brwon feathers effect Pattern velvet cushion covers any size on demand Custom Size",CUSHION,,45.00,2,2,"cushion-covers",available,no,IMAGES_DOWNLOADED
made-by-order-wave-pattern-abstract-jade-and-gold-paint-art-pattern-cushion-covers-any-size-on-demand-custom-size-copy,"geometric pattern abstract multicoloured Pattern cushion covers any size","Made by order geometric pattern abstract multicoloured Pattern cushion covers any size on demand Custom Size",CUSHION,,35.00,1,2,"cushion-covers",available,no,IMAGES_DOWNLOADED
orange-wave-lamp-shade-handmade-abstract-pendant-light,"Orange Wave: Handmade Abstract","Orange Wave Lamp Shade: Handmade Abstract Pendant Light",LAMPSHADE,,24.99,11,240,"drum-lampshades|printed-lampshades|velvet-lampshades",available,no,IMAGES_DOWNLOADED
print-by-order-luxury-purple-pink-floral-plant-pattern-on-velvet-fabric-140-cm-wide,"Luxury Purple Pink Floral Plant Pattern On Velvet 140 Cm Wide","Print by order luxury purple pink floral plant pattern on velvet fabric 140 cm wide",FABRIC,,35.00,3,1,"fabrics",available,no,IMAGES_DOWNLOADED
print-by-order-luxury-resin-wooden-marble-wave-turquoise-blue-velvet-fabric-140cm-wide-per-metre,"Luxury Resin Wooden Marble Wave Turquoise Blue Velvet Per Metre","Print by order luxury resin wooden marble wave turquoise blue velvet fabric 140cm wide per metre",FABRIC,,35.00,2,1,"fabrics",available,no,IMAGES_DOWNLOADED