handle,title,displayTitle,category,price_from,variant_count,image_count,primary_image,vendor
print-by-order-abstract-paint-strokes-in-navy-blue-gold-teal-combination-velvet-fabric-140cm,"Print by order abstract paint strokes in navy blue gold teal combination velvet fabric 140cm","abstract paint strokes in navy blue gold teal",fabrics,35,1,3,https://cdn.shopify.com/s/files/1/0926/4408/2042/files/IMG-7374.heic?v=1779627184,Lumina Hub
handmade-by-order-abstract-jade-green-paint-abstract-patch-pattern-rounded-rectangular-velvet-lamp-shade-pendant-light-lamp-shade-all-sizes-and-shapes-copy,"Handmade by order orange roses on black velvet pattern ROUNDED RECTANGULAR shape lamp shade pendant light lamp shade all shapes and sizes available","orange roses on black velvet pattern ROUNDED",rectangular,34.99,80,6,https://cdn.shopify.com/s/files/1/0926/4408/2042/files/IQVJE0761_1.jpg?v=1778263093,Lumina Hub
handmade-by-order-peacock-teal-blue-digital-flower-leaves-plant-pattern-on-velvet-rounded-rectangular-table-and-ceiling-lamp-shade-all-sizes,"Handmade by order multi rainbow coloured abstract feathers pattern velvet ROUNDED RECTANGULAR shape lamp shade pendant shade all sizes shapes available","multi rainbow coloured abstract feathers pattern velvet",rectangular,34.99,80,7,https://cdn.shopify.com/s/files/1/0926/4408/2042/files/KWDFE3405.jpg?v=1778263490,Lumina Hub
handmade-by-order-multi-rainbow-coloured-abstract-feathers-pattern-velvet-rounded-rectangular-shape-lamp-shade-pendant-shade-all-sizes-shapes-available-copy,"Handmade by order luxury light blue moroccan geometric tile pattern ROUNDED RECTANGULAR  lamp shade pendant light lamp shade all shapes and size available","luxury light blue moroccan geometric tile pattern",rectangular,34.99,80,6,https://cdn.shopify.com/s/files/1/0926/4408/2042/files/UGPAE2506.jpg?v=1778263376,Lumina Hub
handmade-by-order-luxury-black-gold-leaf-plant-tree-pattern-velvet-rounded-rectangular-shape-table-and-ceiling-lamp-shade-all-shapes-copy,"Handmade by order abstract jade green paint abstract patch pattern ROUNDED RECTANGULAR velvet lamp shade pendant light lamp shade all sizes and shapes","abstract jade green paint abstract patch pattern",rectangular,34.99,80,6,https://cdn.shopify.com/s/files/1/0926/4408/2042/files/TIQUE5517.jpg?v=1778264069,Lumina Hub
handmade-by-order-abstract-jade-green-paint-abstract-patch-pattern-drum-velvet-lamp-shade-pendant-light-lamp-shade-all-sizes-and-shapes-copy,"Handmade by order orange roses on black velvet pattern drum shape lamp shade pendant light lamp shade all shapes and sizes available","orange roses on black velvet pattern drum shape lamp",drum,24.99,250,7,https://cdn.shopify.com/s/files/1/0926/4408/2042/files/IMG-6693.jpg?v=1778162118,Lumina Hub
handmade-by-order-luxury-light-blue-moroccan-geometric-tile-pattern-drum-lamp-shade-pendant-light-lamp-shade-all-shapes-and-size-available-copy,"Handmade by order abstract jade green paint abstract patch pattern drum velvet lamp shade pendant light lamp shade all sizes and shapes","abstract jade green paint abstract patch pattern drum",drum,24.99,250,7,https://cdn.shopify.com/s/files/1/0926/4408/2042/files/IMG-6690.jpg?v=1778161762,Lumina Hub
handmade-by-order-multicoloured-rainbow-coloured-abstract-feather-pattern-velvet-drum-shape-lamp-shade-pendant-shade-all-sizes-shapes-copy,"Handmade by order luxury light blue moroccan geometric tile pattern DRUM lamp shade pendant light lamp shade all shapes and size available","luxury light blue moroccan geometric tile pattern DRUM",drum,24.99,250,7,https://cdn.shopify.com/s/files/1/0926/4408/2042/files/IMG-6695.jpg?v=1778161809,Lumina Hub
handmade-by-order-teal-green-blue-pixel-texture-abstract-art-design-print-on-velvet-drum-lamp-shade-pendant-light-lamp-shade-all-shapes-size-copy,"Handmade by order multicoloured rainbow coloured abstract feather pattern velvet drum shape lamp shade pendant shade all sizes shapes","multicoloured rainbow coloured abstract feather pattern",drum,24.99,250,7,https://cdn.shopify.com/s/files/1/0926/4408/2042/files/IMG-6692.jpg?v=1778161842,Lumina Hub
circular-drum-lamp-shade-kits-20cm-diameter-x-18cm-height-with-golden-ring-and-golden-lining,"Circular drum lamp shade kits 20cm diameter x 18cm height with golden ring and golden lining","Circular drum lamp shade kits 20cm diameter x 18cm",lampshade-kits,30,1,2,https://cdn.shopify.com/s/files/1/0926/4408/2042/files/FullSizeRender_62cf3480-4ec1-4cf7-9243-ae7120b50744.jpg?v=1778153013,Lumina Hub
circular-drum-lamp-shade-kits-30cm-diameter-x-21cm-height-with-golden-ring-and-golden-lining,"Circular drum lamp shade kits 30cm diameter x 21cm height with golden ring and golden lining","Circular drum lamp shade kits 30cm diameter x 21cm",lampshade-kits,39.99,1,2,https://cdn.shopify.com/s/files/1/0926/4408/2042/files/FullSizeRender_62cf3480-4ec1-4cf7-9243-ae7120b50744.jpg?v=1778153013,Lumina Hub
circular-drum-lamp-shade-kits-25cm-diameter-x-21cm-height-with-golden-ring-and-golden-lining,"Circular drum lamp shade kits 25cm diameter x 21cm height with golden ring and golden lining","Circular drum lamp shade kits 25cm diameter x 21cm",lampshade-kits,35,1,2,https://cdn.shopify.com/s/files/1/0926/4408/2042/files/FullSizeRender_62cf3480-4ec1-4cf7-9243-ae7120b50744.jpg?v=1778153013,Lumina Hub
circular-drum-lamp-shade-kits-15cm-diameter-x-15cm-height-with-golden-ring-and-golden-lining,"Circular drum lamp shade kits 15cm diameter x 15cm height with golden ring and golden lining","Circular drum lamp shade kits 15cm diameter x 15cm",lampshade-kits,24.99,1,2,https://cdn.shopify.com/s/files/1/0926/4408/2042/files/FullSizeRender_62cf3480-4ec1-4cf7-9243-ae7120b50744.jpg?v=1778153013,Lumina Hub
handmade-by-order-luxury-black-gold-large-monstera-leaf-plant-tree-pattern-velvet-rounded-rectangular-shape-table-and-ceiling-lamp-shade,"Handmade by order luxury black gold large monstera leaf plant tree pattern velvet Rounded RECTANGULAR shape table and ceiling lamp shade","luxury black gold large monstera leaf plant tree",rectangular,34.99,80,5,https://cdn.shopify.com/s/files/1/0926/4408/2042/files/IMG-6569.png?v=1778002024,Lumina Hub
handmade-by-order-luxury-abstract-wave-pattern-multicoloured-on-velvet-rounded-rectangular-lamp-shade-pendant-light-shade-all-shapes-and-sizes-copy,"Handmade by order luxury black gold leaf plant tree pattern velvet Rounded RECTANGULAR shape table and ceiling lamp shade all shapes","luxury black gold leaf plant tree pattern velvet",rectangular,34.99,80,5,https://cdn.shopify.com/s/files/1/0926/4408/2042/files/IMG-6627.png?v=1778013740,Lumina Hub
handmade-by-order-luxury-pink-teal-blue-leopard-skin-dots-on-velvet-rounded-rectangular-lamp-shade-pendant-light-lamp-shade-all-shapes-and-s-copy,"Handmade by order luxury abstract wave pattern multicoloured on velvet rounded rectangular lamp shade pendant light shade all shapes and sizes","luxury abstract wave pattern multicoloured on velvet",rectangular,34.99,80,5,https://cdn.shopify.com/s/files/1/0926/4408/2042/files/IMG-6549.png?v=1777918745,Lumina Hub
made-by-order-abstract-geometry-multicoloured-pattern-cushion-covers-any-size-on-demand-custom-size,"Made by order abstract geometry multicoloured Pattern cushion covers any size on demand Custom Size","Made by order abstract geometry multicoloured Pattern",cushion-covers,34.99,2,3,https://cdn.shopify.com/s/files/1/0926/4408/2042/files/IMG-6508.png?v=1777824128,Lumina Hub
handmade-by-order-luxurious-abstract-blue-yellow-green-water-paint-art-drum-velvet-lamp-shade-pendant-light-lamp-shade-all-sizes-and-shapes,"Handmade by order luxurious abstract blue yellow green water paint art drum velvet lamp shade pendant light lamp shade all sizes and shapes","luxurious abstract blue yellow green water paint art",drum,24.99,240,10,https://cdn.shopify.com/s/files/1/0926/4408/2042/files/download-2026-04-25T174046.685.png?v=1777120943,Lumina Hub
handmade-by-order-teal-green-blue-pixel-texture-abstract-art-design-print-on-velvet-drum-lamp-shade-pendant-light-lamp-shade-all-shapes-size,"Handmade by order teal green blue pixel texture abstract art design print on velvet drum lamp shade pendant light lamp shade all shapes size","teal green blue pixel texture abstract art design print",drum,24.99,250,12,https://cdn.shopify.com/s/files/1/0926/4408/2042/files/download-2026-04-25T182433.069.png?v=1777123564,Lumina Hub
handmade-by-order-glitter-effect-gold-silver-copper-effect-abstract-art-design-print-on-velvet-drum-lamp-shade-pendant-light-lamp-shade,"Handmade by order glitter effect gold silver copper effect abstract art design print on velvet drum lamp shade pendant light lamp shade","glitter effect gold silver copper effect abstract art",drum,24.99,250,11,https://cdn.shopify.com/s/files/1/0926/4408/2042/files/download-2026-04-25T190328.491.png?v=1777125921,Lumina Hub
handmade-by-order-luxurious-abstract-jade-green-and-golden-paint-art-drum-velvet-lamp-shade-pendant-light-lamp-shade-all-sizes-and-shapes,"Handmade by order luxurious abstract jade green and golden paint art drum velvet lamp shade pendant light lamp shade all sizes and shapes","luxurious abstract jade green and golden paint art drum",drum,24.99,240,12,https://cdn.shopify.com/s/files/1/0926/4408/2042/files/download-2026-04-25T181340.547.png?v=1777122939,Lumina Hub
handmade-by-order-luxury-multi-colour-pink-gold-brush-strokes-abstract-art-print-velvet-drum-lamp-shade-pendant-light-lamp-shade-all-shapes,"Handmade by order luxury multi colour pink gold brush strokes abstract art print velvet drum lamp shade pendant light lamp shade all shapes","luxury multi colour pink gold brush strokes abstract",drum,24.99,240,8,https://cdn.shopify.com/s/files/1/0926/4408/2042/files/download-2026-04-25T171409.741.png?v=1777119287,Lumina Hub
handmade-by-order-mink-pink-and-gold-texture-abstract-art-design-print-on-velvet-drum-lamp-shade-pendant-light-lamp-shade-all-shapes-sizes,"Handmade by order mink pink and gold texture abstract art design print on velvet drum lamp shade pendant light lamp shade all shapes sizes","mink pink and gold texture abstract art design print on",drum,24.99,250,12,https://cdn.shopify.com/s/files/1/0926/4408/2042/files/download-2026-04-25T170629.599.png?v=1777118871,Lumina Hub
handmade-by-order-pink-and-gold-texture-abstract-art-design-print-on-velvet-drum-lamp-shade-pendant-light-lamp-shade-all-shapes-sizes,"Handmade by order pink and gold texture abstract art design print on velvet drum lamp shade pendant light lamp shade all shapes sizes","pink and gold texture abstract art design print on",drum,24.99,250,7,https://cdn.shopify.com/s/files/1/0926/4408/2042/files/download-2026-04-25T170121.149.png?v=1777118512,Lumina Hub
handmade-by-order-luxury-olive-dark-green-gold-abstract-paint-strock-art-velvet-drum-lamp-shade-pendant-light-lamp-shade-all-shapes,"Handmade by order luxury olive dark green gold abstract paint strock art velvet drum lamp shade pendant light lamp shade all shapes","luxury olive dark green gold abstract paint strock art",drum,24.99,240,7,https://cdn.shopify.com/s/files/1/0926/4408/2042/files/download-2026-04-25T162210.444.png?v=1777116187,Lumina Hub
handmade-by-order-teal-blue-water-colour-floral-pattern-velvet-drum-lamp-shade-pendant-light-lamp-shade-all-shapes-sizes-available,"Handmade by order Teal Blue water colour Floral pattern Velvet Drum Lamp shade pendant light lamp shade all shapes sizes available","Teal Blue water colour Floral pattern Velvet Drum Lamp",drum,24.99,240,9,https://cdn.shopify.com/s/files/1/0926/4408/2042/files/il_794xN.7654749321_ribj.webp?v=1776730791,Lumina Hub
handmade-by-order-teal-green-and-gold-digital-peacock-feathers-pattern-velvet-drum-lamp-shade-pendant-light-shade-all-shapes-sizes,"Handmade by order teal , green and gold digital peacock feathers pattern velvet drum lamp shade pendant light shade all shapes sizes","teal , green and gold digital peacock feathers pattern",drum,24.99,240,9,https://cdn.shopify.com/s/files/1/0926/4408/2042/files/il_794xN.7615432853_bnra.webp?v=1776691682,Lumina Hub
handmade-by-order-luxury-pink-peacock-feathers-on-velvet-drum-lamp-shade-pendant-light-lamp-shade-all-sizes-and-shapes-available,"Handmade by order luxury pink peacock feathers on velvet drum lamp shade pendant light lamp shade all sizes and shapes available","luxury pink peacock feathers on velvet drum lamp shade",drum,24.99,240,9,https://cdn.shopify.com/s/files/1/0926/4408/2042/files/download_-_2026-04-25T150300.163.png?v=1777111443,Lumina Hub
handmade-by-order-deep-orange-velvet-and-peacock-pattern-inside-drum-lamp-shade-pendant-light-lamp-shade-all-sizes-shapes-available,"Handmade by order deep orange velvet and peacock pattern inside drum lamp shade pendant light lamp shade all sizes shapes available","deep orange velvet and peacock pattern inside drum lamp",drum,24.99,240,6,https://cdn.shopify.com/s/files/1/0926/4408/2042/files/il_794xN.7663178293_n3c2.webp?v=1776689675,Lumina Hub
handmade-by-order-luxury-royal-blue-gold-feathers-pattern-on-velvet-drum-lamp-shade-pendant-light-shade-all-shapes-and-sizes,"Handmade by order luxury royal blue gold feathers pattern on velvet drum lamp shade pendant light shade all shapes and sizes","luxury royal blue gold feathers pattern on velvet drum",drum,24.99,250,6,https://cdn.shopify.com/s/files/1/0926/4408/2042/files/il_794xN.7749983290_gchh.webp?v=1776686067,Lumina Hub
made-by-order-wave-pattern-abstract-jade-and-gold-paint-art-pattern-cushion-covers-any-size-on-demand-custom-size-copy,"Made by order geometric pattern abstract multicoloured Pattern cushion covers any size on demand Custom Size","Made by order geometric pattern abstract multicoloured",cushion-covers,35,2,1,https://cdn.shopify.com/s/files/1/0926/4408/2042/files/il_794xN.7580934342_g94l.webp?v=1776554447,Lumina Hub
made-by-order-wave-pattern-abstract-multicoloured-pattern-cushion-covers-any-size-on-demand-custom-size-copy,"Made by order wave pattern abstract jade and gold paint art Pattern cushion covers any size on demand Custom Size","Made by order wave pattern abstract jade and gold paint",cushion-covers,35,2,2,https://cdn.shopify.com/s/files/1/0926/4408/2042/files/Gemini_Generated_Image_jwkbhujwkbhujwkb.png?v=1777383698,Lumina Hub
handmade-by-order-neutral-beige-leopard-and-gold-effect-linen-look-pattern-on-velvet-cushion-covers-all-shapes-sizes-available-copy,"Made by order wave pattern abstract multicoloured Pattern cushion covers any size on demand Custom Size","Made by order wave pattern abstract multicoloured",cushion-covers,35,2,4,https://cdn.shopify.com/s/files/1/0926/4408/2042/files/il_794xN.7240066863_9p8o.webp?v=1776554330,Lumina Hub
made-by-order-large-black-and-golden-leaf-pattern-cushion-covers-any-size-on-demand-custom-size-copy,"Handmade by order neutral beige leopard and gold effect linen look pattern on velvet cushion covers all shapes sizes available","neutral beige leopard and gold effect linen look",cushion-covers,35,2,1,https://cdn.shopify.com/s/files/1/0926/4408/2042/files/il_794xN.7688839480_3tie.jpg?v=1776557847,Lumina Hub
made-by-order-peacock-bird-multicoloured-effect-pattern-velvet-cushion-covers-any-size-on-demand-custom-size-copy,"Made by order large black and golden leaf Pattern cushion covers any size on demand Custom Size","Made by order large black and golden leaf Pattern",cushion-covers,35,2,1,https://cdn.shopify.com/s/files/1/0926/4408/2042/files/il_794xN.7735077911_1mlj.webp?v=1776555273,Lumina Hub
handmade-by-order-teal-blue-grey-wave-abstract-pattern-on-velvet-cushion-covers-all-shapes-sizes-available-copy,"Made by order peacock bird multicoloured effect Pattern velvet cushion covers any size on demand Custom Size","Made by order peacock bird multicoloured effect Pattern",cushion-covers,45,2,1,https://cdn.shopify.com/s/files/1/0926/4408/2042/files/Gemini_Generated_Image_6wm99r6wm99r6wm9.png?v=1776556604,Lumina Hub
handmade-by-order-teal-blue-grey-wave-abstract-pattern-on-velvet-cushion-covers-all-shapes-sizes-available,"Handmade by order teal blue grey wave abstract pattern on velvet cushion covers all shapes sizes available","teal blue grey wave abstract pattern on velvet cushion",cushion-covers,35,2,1,https://cdn.shopify.com/s/files/1/0926/4408/2042/files/Gemini_Generated_Image_8al36i8al36i8al3.png?v=1776556622,Lumina Hub
handmade-by-order-luxury-jade-teal-blue-and-gold-cube-abstract-pattern-velvet-cushion-covers-bespoke-sizes-available,"Handmade by order luxury jade teal blue and gold cube abstract pattern velvet Cushion covers bespoke sizes available","luxury jade teal blue and gold cube abstract pattern",cushion-covers,34.99,2,1,https://cdn.shopify.com/s/files/1/0926/4408/2042/files/Gemini_Generated_Image_tmnbbutmnbbutmnb.png?v=1776556640,Lumina Hub
handmade-by-order-teal-blue-gold-antique-rust-velvet-cushion-covers-all-shapes-sizes-available,"Handmade by order teal blue gold antique rust velvet cushion covers all shapes sizes available","teal blue gold antique rust velvet cushion covers all",cushion-covers,29.99,2,3,https://cdn.shopify.com/s/files/1/0926/4408/2042/files/Gemini_Generated_Image_rira3qrira3qrira.png?v=1776556827,Lumina Hub
made-by-order-copper-brwon-feathers-effect-pattern-velvet-cushion-covers-any-size-on-demand-custom-size-copy,"Made by order wave pattern orange metal rusting effect Pattern cushion covers any size on demand Custom Size","Made by order wave pattern orange metal rusting effect",cushion-covers,45,2,2,https://cdn.shopify.com/s/files/1/0926/4408/2042/files/il_794xN.7637780684_cy7v.webp?v=1776553805,Lumina Hub
made-by-order-copper-brwon-feathers-effect-pattern-velvet-cushion-covers-any-size-on-demand-custom-size,"Made by order copper brwon feathers effect Pattern velvet cushion covers any size on demand Custom Size","Made by order copper brwon feathers effect Pattern",cushion-covers,45,2,2,https://cdn.shopify.com/s/files/1/0926/4408/2042/files/Gemini_Generated_Image_73suem73suem73su.png?v=1776555806,Lumina Hub
handmade-by-order-luxury-light-blue-marble-and-gold-wave-abstract-pattern-velvet-cushion-covers-bespoke-sizes-available,"Handmade by order luxury light blue marble and gold wave abstract pattern velvet Cushion covers bespoke sizes available","luxury light blue marble and gold wave abstract pattern",cushion-covers,34.99,2,2,https://cdn.shopify.com/s/files/1/0926/4408/2042/files/il_794xN.7914845089_4aj1.webp?v=1776553540,Lumina Hub
handmade-by-order-luxury-dark-blue-gold-marble-and-gold-wave-abstract-pattern-velvet-cushion-covers-bespoke-sizes-available-copy,"Handmade by order luxury grey retro geometric abstract wooden abstract velvet Cushion covers bespoke sizes available","luxury grey retro geometric abstract wooden abstract",cushion-covers,34.99,2,2,https://cdn.shopify.com/s/files/1/0926/4408/2042/files/il_794xN.7866896636_9zei.webp?v=1776553471,Lumina Hub
handmade-by-order-luxury-olive-dark-green-and-gold-paint-abstract-pattern-velvet-cushion-covers-bespoke-sizes-available-copy,"Handmade by order luxury dark blue gold marble and gold wave abstract pattern velvet Cushion covers bespoke sizes available","luxury dark blue gold marble and gold wave abstract",cushion-covers,34.99,2,1,https://cdn.shopify.com/s/files/1/0926/4408/2042/files/il_794xN.7914858735_pv44.webp?v=1776553423,Lumina Hub
handmade-by-order-pink-blue-gold-foil-effect-abstract-paint-art-velvet-cushion-covers-all-shapes-sizes-available-copy,"Handmade by order luxury olive dark green and gold paint abstract pattern velvet Cushion covers bespoke sizes available","luxury olive dark green and gold paint abstract pattern",cushion-covers,34.99,2,2,https://cdn.shopify.com/s/files/1/0926/4408/2042/files/il_794xN.7914872331_5opm.jpg?v=1776557872,Lumina Hub
handmade-by-order-luxury-multi-colour-brush-strokes-abstract-art-print-velvet-cushion-covers-any-size-available-copy,"Handmade by order pink blue gold foil effect abstract paint art velvet cushion covers all shapes sizes available","pink blue gold foil effect abstract paint art velvet",cushion-covers,34.99,2,5,https://cdn.shopify.com/s/files/1/0926/4408/2042/files/il_794xN.7867009178_ldb3.webp?v=1776553289,Lumina Hub
handmade-by-order-peacock-teal-blue-digital-flower-leaves-plant-pattern-on-velvet-cushions-covers-only-all-sizes-available-on-demand-copy,"Handmade by order luxury multi colour brush strokes abstract art print velvet cushion covers any size available","luxury multi colour brush strokes abstract art print",cushion-covers,34.99,2,4,https://cdn.shopify.com/s/files/1/0926/4408/2042/files/il_794xN.7917207103_652l.jpg?v=1776558129,Lumina Hub
handmade-by-order-luxury-mushroom-plants-leaves-in-jungle-pattern-velvet-cushion-covers-bespoke-sizes-available-copy,"Handmade by order peacock teal blue digital flower leaves plant pattern on velvet cushions covers only all sizes available on demand","peacock teal blue digital flower leaves plant pattern",cushion-covers,34.99,2,2,https://cdn.shopify.com/s/files/1/0926/4408/2042/files/il_794xN.7925111377_5ni0.webp?v=1776552929,Lumina Hub
handmade-by-order-bottle-green-gold-foil-effect-velvet-cushion-covers-all-shapes-sizes-available-copy,"Handmade by order luxury mushroom plants leaves in jungle pattern velvet Cushion covers bespoke sizes available","luxury mushroom plants leaves in jungle pattern velvet",cushion-covers,34.99,2,2,https://cdn.shopify.com/s/files/1/0926/4408/2042/files/il_794xN.7894556182_nvv2.webp?v=1776552819,Lumina Hub
handmade-by-order-luxury-black-gold-teal-marble-rasin-geometric-abstract-art-velvet-cushion-cover-all-sizes-available-copy,"Handmade by order bottle green gold foil effect velvet cushion covers all shapes sizes available","bottle green gold foil effect velvet cushion covers all",cushion-covers,34.99,2,2,https://cdn.shopify.com/s/files/1/0926/4408/2042/files/il_794xN.7801912369_2fyo.webp?v=1776546827,Lumina Hub
handmade-by-order-multicoloured-paint-art-on-antique-wooden-panels-print-on-velvet-cushions-cover-all-sizes-copy,"Handmade by order luxury black gold teal marble rasin geometric abstract art velvet cushion cover all sizes available","luxury black gold teal marble rasin geometric abstract",cushion-covers,34.99,2,1,https://cdn.shopify.com/s/files/1/0926/4408/2042/files/il_794xN.7951015769_4c1p.jpg?v=1776557936,Lumina Hub
handmade-by-order-multicoloured-paint-art-on-antique-wooden-panels-print-on-velvet-cushions-cover-all-sizes,"Handmade by order multicoloured paint art on antique wooden panels print on velvet cushions cover all sizes","multicoloured paint art on antique wooden panels print",cushion-covers,34.99,2,1,https://cdn.shopify.com/s/files/1/0926/4408/2042/files/il_794xN.7920570828_jhdb.jpg?v=1776557960,Lumina Hub
print-by-order-luxury-zigzag-geometric-multicolour-pattern-velvet-fabric-sold-by-meter-140cm-wide,"Print by order luxury zigzag geometric multicolour pattern velvet fabric sold by meter 140cm wide","luxury zigzag geometric multicolour pattern velvet",fabrics,35,1,2,https://cdn.shopify.com/s/files/1/0926/4408/2042/files/il_794xN.7259132054_bc03.webp?v=1776529670,Lumina Hub
gold-jade-abstract-velvet-fabric-print-teal-antique-water-art,"Gold & Jade Abstract Velvet Fabric Print: Teal Antique Water Art","Gold & Jade Abstract Velvet Fabric Print: Teal Antique",fabrics,35,1,1,https://cdn.shopify.com/s/files/1/0926/4408/2042/files/il_794xN.7209979593_l7fq.jpg?v=1776556473,Lumina Hub
print-by-order-velvet-jade-green-petrol-art-floral-leaf-plant-print-velvet-fabric-sold-by-meter,"Print by order velvet jade green petrol art floral leaf plant print velvet fabric sold by meter","velvet jade green petrol art floral leaf plant print",fabrics,35,1,3,https://cdn.shopify.com/s/files/1/0926/4408/2042/files/il_794xN.7228132606_sl0o.webp?v=1776529029,Lumina Hub
print-by-order-luxury-velvet-monstera-large-multicoloured-leafs-plants-print-velvet-by-meter,"Print by order luxury velvet monstera large multicoloured leafs plants print velvet by meter","luxury velvet monstera large multicoloured leafs plants",fabrics,35,1,2,https://cdn.shopify.com/s/files/1/0926/4408/2042/files/il_794xN.7231271468_45gc.webp?v=1776511872,Lumina Hub
print-by-order-black-gold-large-palm-leaf-print-velvet-fabric-available-on-demand,"Print by order black gold large palm leaf print velvet fabric available on demand","black gold large palm leaf print velvet fabric",fabrics,29.99,1,2,https://cdn.shopify.com/s/files/1/0926/4408/2042/files/il_794xN.7078975751_fg3c.webp?v=1776511421,Lumina Hub
print-by-order-luxury-metal-oxidation-rusting-art-print-velvet-fabric-140cm-wide,"Print by order luxury metal oxidation rusting art print velvet fabric 140cm wide","luxury metal oxidation rusting art print velvet fabric",fabrics,35,1,3,https://cdn.shopify.com/s/files/1/0926/4408/2042/files/il_794xN.7249375984_7mfo.webp?v=1776439836,Lumina Hub
print-by-order-luxury-abstract-paint-dry-peeling-art-velvet-fabric-140cm-wide,"Print by order luxury abstract paint dry peeling art velvet fabric 140cm wide","luxury abstract paint dry peeling art velvet fabric",fabrics,35,1,2,https://cdn.shopify.com/s/files/1/0926/4408/2042/files/il_794xN.7249368182_p2lt.webp?v=1776439155,Lumina Hub
print-by-order-luxury-blue-space-light-geometric-art-print-velvet-on-black-velvet-fabric-150cm-wide,"Print by order luxury blue space light geometric art print velvet on black velvet fabric 150cm wide","luxury blue space light geometric art print velvet on",fabrics,35,1,3,https://cdn.shopify.com/s/files/1/0926/4408/2042/files/il_794xN.7297339417_494j.jpg?v=1776438915,Lumina Hub
print-by-order-luxury-green-yellow-teal-blue-water-colour-abstract-effect-velvet-fabric-140cm-wide-sold-by-meter-copy,"Print by order teal gold wave effect print velvet fabric available on demand","teal gold wave effect print velvet fabric available on",fabrics,29.99,1,2,https://cdn.shopify.com/s/files/1/0926/4408/2042/files/il_794xN.7045102694_rjy3.webp?v=1776375155,Lumina Hub
print-by-order-luxury-grey-teal-blue-wooden-geometric-cube-abstract-retro-design-velvet-fabric-140cm-wide,"Print by order luxury grey teal blue wooden geometric cube abstract retro design velvet fabric 140cm wide","luxury grey teal blue wooden geometric cube abstract",fabrics,35,1,2,https://cdn.shopify.com/s/files/1/0926/4408/2042/files/il_794xN.7249396840_35km.webp?v=1776384333,Lumina Hub
print-by-order-luxury-floral-plants-large-multicoloured-leafs-plants-velvet-fabric-meter-140cm-wide,"Print by order luxury floral plants large multicoloured leafs plants velvet fabric meter 140cm wide","luxury floral plants large multicoloured leafs plants",fabrics,35,1,3,https://cdn.shopify.com/s/files/1/0926/4408/2042/files/il_794xN.7249409498_rpcz.jpg?v=1776384242,Lumina Hub
print-by-order-luxury-black-brown-grey-wooden-geometric-pattern-design-velvet-fabric-140cm-wide,"Print by order luxury black brown grey wooden geometric pattern design velvet fabric 140cm wide","luxury black brown grey wooden geometric pattern design",fabrics,35,1,3,https://cdn.shopify.com/s/files/1/0926/4408/2042/files/il_794xN.7304690369_acff.webp?v=1776384139,Lumina Hub
print-by-order-luxury-resin-wooden-marble-wave-turquoise-blue-velvet-fabric-140cm-wide-per-metre,"Print by order luxury resin wooden marble wave turquoise blue velvet fabric 140cm wide per metre","luxury resin wooden marble wave turquoise blue velvet",fabrics,35,1,2,https://cdn.shopify.com/s/files/1/0926/4408/2042/files/download_-_2026-04-17T180801.880.png?v=1776431354,Lumina Hub
print-by-order-luxury-bottle-green-crocodile-skin-print-velvet-soft-fabric-140cm-wide,"Print by order luxury bottle green crocodile skin print velvet soft fabric 140cm wide","luxury bottle green crocodile skin print velvet soft",fabrics,35,1,3,https://cdn.shopify.com/s/files/1/0926/4408/2042/files/il_794xN.7268289702_smsd.webp?v=1776383966,Lumina Hub
print-by-order-teal-blue-orange-tulip-floral-petrol-art-pattern-velvet-fabric-140-cm-wide-sold-by-meter,"Print by order teal blue orange tulip floral petrol art pattern velvet fabric 140 cm wide sold by meter","teal blue orange tulip floral petrol art pattern velvet",fabrics,35,1,3,https://cdn.shopify.com/s/files/1/0926/4408/2042/files/il_794xN.7274004286_bq3i.webp?v=1776383806,Lumina Hub
print-by-order-luxury-black-petrol-art-floral-plant-pattern-velvet-fabric-140-cm-wide-sold-by-meter,"Print by order luxury black petrol art floral plant pattern velvet fabric 140 cm wide sold by meter","luxury black petrol art floral plant pattern velvet",fabrics,35,1,2,https://cdn.shopify.com/s/files/1/0926/4408/2042/files/il_794xN.7328436467_94wt.webp?v=1776377818,Lumina Hub
print-by-order-silver-grey-cream-teal-wave-effect-print-velvet-fabric-available-on-demand-140cm-wide,"Print by order silver grey cream teal wave effect print velvet fabric available on demand 140cm wide","silver grey cream teal wave effect print velvet fabric",fabrics,29.99,1,3,https://cdn.shopify.com/s/files/1/0926/4408/2042/files/download_-_2026-04-17T180504.693.png?v=1776431160,Lumina Hub
print-by-order-luxury-purple-pink-floral-plant-pattern-on-velvet-fabric-140-cm-wide,"Print by order luxury purple pink floral plant pattern on velvet fabric 140 cm wide","luxury purple pink floral plant pattern on velvet",fabrics,35,1,3,https://cdn.shopify.com/s/files/1/0926/4408/2042/files/il_794xN.7328454647_mzzl.webp?v=1776377572,Lumina Hub
print-by-order-luxury-digy-peacock-pattern-plant-leaves-in-teal-blue-and-gold-pattern-velvet-fabric-sold-by-meter-140-wide,"Print by order luxury digy peacock pattern plant leaves in teal blue and gold pattern velvet fabric sold by meter 140 wide","luxury digy peacock pattern plant leaves in teal blue",fabrics,35,1,3,https://cdn.shopify.com/s/files/1/0926/4408/2042/files/il_794xN.7366845659_efqn.webp?v=1776377066,Lumina Hub
print-by-order-luxury-teal-gold-pattern-plant-leaves-in-teal-blue-and-gold-pattern-velvet-fabric-sold-by-meter-140-wide,"Print by order luxury teal gold pattern plant leaves in teal blue and gold pattern velvet fabric sold by meter 140 wide","luxury teal gold pattern plant leaves in teal blue and",fabrics,35,1,3,https://cdn.shopify.com/s/files/1/0926/4408/2042/files/il_794xN.7366858133_ag1d.webp?v=1776376194,Lumina Hub
print-by-order-luxury-white-grey-gold-marble-effect-velvet-fabric-140cm-wide-sold-by-meter,"Print by order luxury white grey gold marble effect velvet fabric 140cm wide sold by meter","luxury white grey gold marble effect velvet fabric",fabrics,35,1,3,https://cdn.shopify.com/s/files/1/0926/4408/2042/files/il_794xN.7319503446_ftwh.webp?v=1776430753,Lumina Hub
print-by-order-luxury-blue-gold-wave-marble-effect-velvet-fabric-140cm-wide-sold-by-meter,"Print by order luxury blue gold wave marble effect velvet fabric 140cm wide sold by meter","luxury blue gold wave marble effect velvet fabric 140cm",fabrics,35,1,2,https://cdn.shopify.com/s/files/1/0926/4408/2042/files/il_794xN.7268276036_big5.webp?v=1776375614,Lumina Hub
print-by-order-zigzag-chevron-geometric-multicoloured-velvet-fabric-on-demand,"Print by order zigzag chevron geometric multicoloured velvet fabric on demand","zigzag chevron geometric multicoloured velvet fabric on",fabrics,29.99,1,2,https://cdn.shopify.com/s/files/1/0926/4408/2042/files/il_794xN.7031359226_ktwh.webp?v=1776375498,Lumina Hub
print-by-order-luxury-teal-blue-jade-and-gold-geometric-design-abstract-art-print-velvet-fabric-140cm-wide,"Print by order luxury teal blue jade and gold geometric design abstract art print velvet fabric 140cm wide","luxury teal blue jade and gold geometric design",fabrics,35,1,1,https://cdn.shopify.com/s/files/1/0926/4408/2042/files/il_794xN.7321943083_e6g5.webp?v=1776430656,Lumina Hub
print-by-order-luxury-green-and-golden-yellow-marble-effect-velvet-fabric-140cm-wide-sold-by-meter,"Print by order luxury green and golden yellow marble effect velvet fabric 140cm wide sold by meter","luxury green and golden yellow marble effect velvet",fabrics,35,1,3,https://cdn.shopify.com/s/files/1/0926/4408/2042/files/il_794xN.7901302488_lhi8.webp?v=1776374792,Lumina Hub
print-by-order-luxury-green-yellow-teal-blue-water-colour-abstract-effect-velvet-fabric-140cm-wide-sold-by-meter,"Print by order luxury green yellow teal blue water colour abstract effect velvet fabric 140cm wide sold by meter","luxury green yellow teal blue water colour abstract",fabrics,35,1,3,https://cdn.shopify.com/s/files/1/0926/4408/2042/files/il_1140xN.7949350335_qi1k.webp?v=1776374934,Lumina Hub
handmade-by-order-multicoloured-rainbow-peacock-feathers-print-on-velvet-rounded-rectangular-shape-lamp-shade-pendant-lamp-light-shade,"Handmade by order multicoloured rainbow peacock feathers print on velvet rounded rectangular shape lamp shade pendant lamp light shade","multicoloured rainbow peacock feathers print on velvet",rectangular,34.99,80,7,https://cdn.shopify.com/s/files/1/0926/4408/2042/files/download-2026-03-18T030825.463.png?v=1773785513,Lumina Hub
handmade-by-order-studio-green-dark-green-grey-velvet-drum-lamp-shade-pendant-light-lamp-shade-all-sizes-and-shapes-available-1,"Handmade by order luxury blue grey silver wave pattern Tapered empire shape velvet lamp shade pendant light lamp shade all shapes and sizes","luxury blue grey silver wave pattern Tapered empire",empire,29.99,230,7,https://cdn.shopify.com/s/files/1/0926/4408/2042/files/download_-_2026-03-18T031547.553.png?v=1773785927,Lumina Hub
handmade-mink-grey-velvet-oval-lamp-shade-gold-foil-shimmer,"Handmade Mink Grey Velvet Oval Lamp Shade: Gold Foil Shimmer","Handmade Mink Grey Velvet Oval Lamp Shade: Gold Foil",foil-lined,27.99,100,7,https://cdn.shopify.com/s/files/1/0926/4408/2042/files/download-2026-03-18T030249.470.png?v=1773785058,Lumina Hub
handmade-by-order-luxury-antique-metal-rusting-orange-teal-grey-combination-velvet-rounded-square-lamp-shade-pendant-light-lamp-shade-all,"handmade by order luxury antique metal rusting orange teal grey combination velvet ROUNDED SQUARE lamp shade pendant light lamp shade all","luxury antique metal rusting orange teal grey",square,29.99,140,8,https://cdn.shopify.com/s/files/1/0926/4408/2042/files/download-2026-03-18T025501.336.png?v=1773784642,Lumina Hub
handmade-by-order-luxury-multi-coloured-zigzag-geometric-pattern-velvet-drum-lamp-shade-pendant-light-lamp-shade-all-shapes-and-sizes-availa,"Handmade by order luxury multi coloured zigzag geometric pattern velvet drum lamp shade pendant light lamp shade all shapes and sizes availa","luxury multi coloured zigzag geometric pattern velvet",drum,24.99,240,10,https://cdn.shopify.com/s/files/1/0926/4408/2042/files/il_794xN.7558981714_aaav.webp?v=1773350730,Lumina Hub
handmade-by-order-luxury-abstract-wave-pattern-design-in-brige-blue-grey-pattern-rectangular-shape-lamp-shade-pendant-light-shade,"Handmade by order luxury abstract wave pattern design in brige blue grey pattern RECTANGULAR shape lamp shade pendant light shade","luxury abstract wave pattern design in brige blue grey",rectangular,34.99,80,6,https://cdn.shopify.com/s/files/1/0926/4408/2042/files/il_794xN.7079022992_t9h8.webp?v=1773353479,Lumina Hub
handmade-by-order-luxury-exotic-birds-peacock-birds-foral-pattern-drum-lamp-shade-pendant-light-lamp-shade-all-shapes-and-sizes-available,"Handmade by order luxury exotic birds peacock birds foral pattern drum lamp shade pendant light lamp shade all shapes and sizes available","luxury exotic birds peacock birds foral pattern drum",drum,24.99,240,7,https://cdn.shopify.com/s/files/1/0926/4408/2042/files/il_1140xN.7615326516_esar.webp?v=1775746920,Lumina Hub
handmade-by-order-luxury-gold-grange-pattern-in-black-velvet-drum-lamp-shade-pendant-light-lamp-shade-all-shapes-and-sizes-available,"Handmade by order luxury gold grange pattern in black velvet drum lamp shade pendant light lamp shade all shapes and sizes available","luxury gold grange pattern in black velvet drum lamp",drum,24.99,240,12,https://cdn.shopify.com/s/files/1/0926/4408/2042/files/download-2026-03-25T141536.453.png?v=1774430186,Lumina Hub
handmade-by-order-luxury-purple-pink-floral-plant-pattern-drum-lamp-shade-pendant-light-lamp-shade-all-shapes-and-sizes-available,"Handmade by order luxury purple pink floral plant pattern drum lamp shade pendant light lamp shade all shapes and sizes available","luxury purple pink floral plant pattern drum lamp shade",drum,24.99,240,13,https://cdn.shopify.com/s/files/1/0926/4408/2042/files/download-2026-03-25T141304.192.png?v=1774430029,Lumina Hub
handmade-by-order-luxury-bottle-dark-green-velvet-and-leaf-pattern-inside-drum-lamp-shade-pendant-light-lamp-shade-all-shapes-and-sizes-avai,"Handmade by order luxury bottle dark green velvet and leaf pattern inside drum lamp shade pendant light lamp shade all shapes and sizes avai","luxury bottle dark green velvet and leaf pattern inside",drum,24.99,240,10,https://cdn.shopify.com/s/files/1/0926/4408/2042/files/download_51.png?v=1773664799,Lumina Hub
handmade-by-order-luxury-brown-beige-wooden-patterned-velvet-geometric-pattern-drum-lamp-shade-pendant-light-lamp-shade-all-shapes-available,"Handmade by order luxury brown beige wooden patterned velvet geometric pattern drum lamp shade pendant light lamp shade all shapes available","luxury brown beige wooden patterned velvet geometric",drum,24.99,240,11,https://cdn.shopify.com/s/files/1/0926/4408/2042/files/download_56.png?v=1773664957,Lumina Hub
handmade-by-order-luxury-mink-gold-foiled-velvet-rectangular-lamp-shade-pendant-light-lamp-shade-all-shapes-and-sizes-available,"Handmade by order luxury mink gold foiled velvet rectangular lamp shade pendant light lamp shade all shapes and sizes available","luxury mink gold foiled velvet rectangular lamp shade",foil-lined,34.99,80,7,https://cdn.shopify.com/s/files/1/0926/4408/2042/files/il_794xN.7076714036_3gpl.webp?v=1773665100,Lumina Hub
handmade-by-order-luxury-deep-dark-blue-and-digital-teal-leaf-plant-pattern-double-sided-lamp-shade-pendant-light-shade-all-shapes-and-sizes,"handmade by order luxury deep dark blue and digital teal leaf plant pattern double sided lamp shade pendant light shade all shapes and sizes","luxury deep dark blue and digital teal leaf plant",drum,24.99,24,11,https://cdn.shopify.com/s/files/1/0926/4408/2042/files/download_67.png?v=1773665301,Lumina Hub
handmade-by-order-luxury-butterflies-and-plant-moon-pattern-on-velvet-black-lamp-shade-pendant-light-lamp-shade-all-shapes-and-sizes-available,"Handmade by order luxury butterflies and plant moon pattern on velvet black lamp shade pendant light lamp shade all shapes and sizes available","luxury butterflies and plant moon pattern on velvet",drum,24.99,240,10,https://cdn.shopify.com/s/files/1/0926/4408/2042/files/download_83.png?v=1773671080,Lumina Hub
handmade-abstract-pattern-drum-lamp-shade-clarke-and-clarke-fabric-brown-velvet-fabric-copy,"Handmade by order luxury black golden honey comb geometric pattern drum lamp shade pendant light lamp shade all shapes and sizes","luxury black golden honey comb geometric pattern drum",drum,24.99,240,10,https://cdn.shopify.com/s/files/1/0926/4408/2042/files/il_300x300.7608649453_a9vh.webp?v=1775753643,Lumina Hub
handmade-by-order-luxury-water-coolers-floral-abstract-art-print-on-velvet-drum-lamp-shade-all-shapes-and-sizes-available-1,"Handmade by order luxury water coolers floral abstract art print on velvet drum lamp shade all shapes and sizes available","luxury water coolers floral abstract art print on",drum,24.99,240,12,https://cdn.shopify.com/s/files/1/0926/4408/2042/files/download_96.png?v=1773781032,Lumina Hub
handmade-by-order-luxury-pink-blue-checkerboard-cube-pattern-on-velvet-drum-lamp-shade-pendant-light-lamp-shade-all-shapes-and-sizes-available-1,"Handmade by order luxury pink blue checkerboard cube pattern on velvet drum lamp shade pendant light lamp shade all shapes and sizes available","luxury pink blue checkerboard cube pattern on velvet",drum,24.99,240,11,https://cdn.shopify.com/s/files/1/0926/4408/2042/files/download-2026-03-18T015747.942.png?v=1773781204,Lumina Hub
handmade-by-order-luxury-velevt-black-and-white-pearl-wave-marble-effect-with-pearl-beads-print-on-velvet-drum-lamp-shade-pendant-light-shad,"Handmade by order luxury velevt black and white pearl wave marble effect with pearl beads print on velvet drum lamp shade pendant light shad","luxury velevt black and white pearl wave marble effect",drum,24.99,240,11,https://cdn.shopify.com/s/files/1/0926/4408/2042/files/download-2026-03-18T020921.643.png?v=1773781933,Lumina Hub
handmade-by-order-luxury-black-and-white-large-leaf-patterned-drum-velvet-lamp-shade-pendant-light-lamp-shade-all-shapes-and-sizes-available,"Handmade by order luxury black and white large leaf patterned drum velvet lamp shade pendant light lamp shade all shapes and sizes available","luxury black and white large leaf patterned drum velvet",drum,24.99,240,10,https://cdn.shopify.com/s/files/1/0926/4408/2042/files/il_794xN.7564721830_p4ns.webp?v=1773782133,Lumina Hub
handmade-by-order-luxury-pink-teal-blue-leopard-skin-dots-on-velvet-rounded-rectangular-lamp-shade-pendant-light-lamp-shade-all-shapes-and-s,"Handmade by order luxury pink teal blue leopard skin dots on velvet rounded rectangular lamp shade pendant light lamp shade all shapes and s","luxury pink teal blue leopard skin dots on velvet",rectangular,34.99,80,5,https://cdn.shopify.com/s/files/1/0926/4408/2042/files/download-2026-03-18T023142.320.png?v=1773783122,Lumina Hub
handmade-by-order-luxury-blue-gold-marble-wave-velvet-oval-lamp-shade-pendant-light-lamp-shade-all-sizes-and-shapes-available-on-demand,"Handmade by order luxury blue gold marble wave velvet OVAL lamp shade pendant light lamp shade all sizes and shapes available on demand","luxury blue gold marble wave velvet OVAL lamp shade",oval,27.99,100,7,https://cdn.shopify.com/s/files/1/0926/4408/2042/files/download-2026-03-18T023830.702.png?v=1773783564,Lumina Hub
handmade-by-order-luxury-teal-golden-wave-abstract-art-print-velvet-candle-clip-small-coolie-lamp-shade-for-walls-and-small-table-lamps,"handmade by order luxury teal golden wave abstract art print velvet CANDLE CLIP small coolie lamp shade for walls and small table lamps","luxury teal golden wave abstract art print velvet",coolie,24.99,1,4,https://cdn.shopify.com/s/files/1/0926/4408/2042/files/download-2026-03-18T024302.434.png?v=1773783848,Lumina Hub
handmade-by-order-luxury-scandi-floral-black-and-cream-combination-drum-lamp-shade-pendant-light-lamp-shade-all-shapes-and-sizes-available,"Handmade by order luxury scandi floral black and cream combination drum lamp shade pendant light lamp shade all shapes and sizes available","luxury scandi floral black and cream combination drum",drum,24.99,240,12,https://cdn.shopify.com/s/files/1/0926/4408/2042/files/download-2026-03-18T022049.167.png?v=1773782665,Lumina Hub
handmade-by-order-luxury-purple-gold-stones-lava-abstract-geometric-pattern-drum-velvet-lamp-shade-pendant-light-lamp-shade-all-shapes-sizes,"Handmade by order luxury purple gold stones lava abstract geometric pattern drum velvet lamp shade pendant light lamp shade all shapes sizes","luxury purple gold stones lava abstract geometric",drum,24.99,240,10,https://cdn.shopify.com/s/files/1/0926/4408/2042/files/download-2026-03-18T021601.577.png?v=1773782403,Lumina Hub
handmade-by-order-lime-green-and-green-feathers-printed-double-sided-drum-lamp-shade-pendant-light-lamp-shade-all-shapes-and-sizes-available,"Handmade by order lime green and green feathers printed double sided drum lamp shade pendant light lamp shade all shapes and sizes available","lime green and green feathers printed double sided drum",drum,24.99,24,11,https://cdn.shopify.com/s/files/1/0926/4408/2042/files/download-2026-03-18T015826.212_ab317242-43e1-45fd-ae7d-f26cc89bccda.png?v=1774419091,Lumina Hub
handmade-by-order-luxury-emerald-dark-green-marble-abstract-art-velvet-two-three-tiered-lamp-shade-with-metallic-plain-linings,"Handmade by order luxury emerald dark green marble abstract art velvet two three tiered lamp shade with metallic plain linings","luxury emerald dark green marble abstract art velvet",lampshades,95,40,5,https://cdn.shopify.com/s/files/1/0926/4408/2042/files/download_90.png?v=1773779408,Lumina Hub
handmade-by-order-luxury-black-gold-leaf-plant-tree-pattern-velvet-drum-table-and-ceiling-lamp-shade-all-shapes-and-sizes-available,"Handmade by order luxury black gold leaf plant tree pattern velvet drum table and ceiling lamp shade all shapes and sizes available","luxury black gold leaf plant tree pattern velvet drum",drum,24.99,240,10,https://cdn.shopify.com/s/files/1/0926/4408/2042/files/download_78.png?v=1773665725,Lumina Hub
handmade-by-order-luxury-white-blue-paint-brush-strips-strokes-art-print-velvet-drum-lamp-shade-pendant-light-lamp-shade-all-shapes-sizes,"Handmade by order luxury white blue paint brush strips strokes art print velvet drum lamp shade pendant light lamp shade all shapes sizes","luxury white blue paint brush strips strokes art print",drum,24.99,240,11,https://cdn.shopify.com/s/files/1/0926/4408/2042/files/il_794xN.7600781847_nck3.webp?v=1773665505,Lumina Hub
handmade-by-order-luxury-neutral-gold-linen-look-pattern-leopard-print-drum-velvet-lamp-shade-pendant-light-lamp-shade-all-shapes-and-sizes-1,"Handmade by order luxury neutral gold linen look pattern leopard print drum velvet lamp shade pendant light lamp shade all shapes and sizes","luxury neutral gold linen look pattern leopard print",linen-lampshades,24.99,240,10,https://cdn.shopify.com/s/files/1/0926/4408/2042/files/download_34.png?v=1774430278,Lumina Hub
handmade-by-order-luxury-multicoloured-abstract-art-leopard-print-drum-velvet-lamp-shade-pendant-light-lamp-shade-all-shapes-and-sizes-avail-1,"Handmade by order luxury multicoloured abstract art leopard print drum velvet lamp shade pendant light lamp shade all shapes and sizes avail","luxury multicoloured abstract art leopard print drum",drum,24.99,240,11,https://cdn.shopify.com/s/files/1/0926/4408/2042/files/il_794xN.7606929959_oq1d.jpg?v=1773663535,Lumina Hub
handmade-by-order-luxury-cuerden-iliv-tree-branches-engraved-pattern-on-midnight-blue-silk-fabric-oval-lamp-shade-pendant-shade-all-sizes,"Handmade by order luxury cuerden iliv tree branches engraved pattern on midnight blue silk fabric OVAL lamp shade pendant shade all sizes","luxury cuerden iliv tree branches engraved pattern on",oval,27.99,100,6,https://cdn.shopify.com/s/files/1/0926/4408/2042/files/download_-_2026-03-18T023454.899.png?v=1773783358,Lumina Hub
handmade-by-order-luxury-orange-yellow-multicoloured-retro-geometric-pattern-drum-lamp-shade-pendant-light-lamp-shade-all-shapes-and-sizes,"Handmade by order luxury orange yellow multicoloured retro geometric pattern drum lamp shade pendant light lamp shade all shapes and sizes","luxury orange yellow multicoloured retro geometric",drum,24.99,240,10,https://cdn.shopify.com/s/files/1/0926/4408/2042/files/download_-_2026-03-25T163703.251.png?v=1774643511,Lumina Hub
handmade-abstract-pattern-drum-lamp-shade-clarke-and-clarke-fabric-brown-velvet-fabric,"Handmade Abstract Pattern Drum Lamp Shade: Clarke and Clarke Fabric brown velvet fabric","Handmade Abstract Pattern Drum Lamp Shade: Clarke and",drum,24.99,240,11,https://cdn.shopify.com/s/files/1/0926/4408/2042/files/il_794xN.7552841494_gz8f.webp?v=1776004414,Lumina Hub
handmade-by-order-luxury-pink-red-black-geometric-print-abstract-art-design-velvet-drum-lamp-shade-pendant-light-lamp-shade-all-shapes-sizes,"Handmade by order luxury pink red black geometric print abstract art design velvet drum lamp shade pendant light lamp shade all shapes sizes","luxury pink red black geometric print abstract art",drum,24.99,240,9,https://cdn.shopify.com/s/files/1/0926/4408/2042/files/il_794xN.7564724694_idfj.webp?v=1776528926,Lumina Hub
handmade-by-order-luxury-peacock-feathers-print-in-blue-navy-velvet-fabric-drum-lamp-shade-pendant-light-lamp-shade-all-shapes-and-sizes,"Handmade by order luxury peacock feathers print in blue navy velvet fabric drum lamp shade pendant light lamp shade all shapes and sizes","luxury peacock feathers print in blue navy velvet",drum,24.99,240,10,https://cdn.shopify.com/s/files/1/0926/4408/2042/files/il_1140xN.7607096479_osip.webp?v=1775751103,Lumina Hub
handmade-by-order-luxury-antique-orange-rusting-abstract-teal-grey-orange-pattern-rounded-rectangular-shape-lamp-shade-pendant-light-lamp-sh,"Handmade by order luxury antique orange rusting abstract teal grey orange pattern ROUNDED RECTANGULAR shape lamp shade pendant light lamp sh","luxury antique orange rusting abstract teal grey orange",rectangular,34.99,80,4,https://cdn.shopify.com/s/files/1/0926/4408/2042/files/il_794xN.7440685377_qbb3.jpg?v=1773662190,Lumina Hub
handmade-by-order-abstract-art-alcohol-paint-florat-rose-green-plant-on-velvet-drum-lamp-shade-pendant-light-lamp-shade-all-shapes-sizes,"Handmade by order abstract art alcohol paint florat rose green plant on velvet drum lamp shade pendant light lamp shade all shapes sizes","abstract art alcohol paint florat rose green plant on",drum,24.99,240,12,https://cdn.shopify.com/s/files/1/0926/4408/2042/files/il_794xN.7567492404_h5mi.webp?v=1773661676,Lumina Hub
handmade-by-order-luxury-pink-blue-checkerboard-cube-pattern-on-velvet-drum-lamp-shade-pendant-light-lamp-shade-all-shapes-and-sizes-available,"Handmade by order luxury pink blue checkerboard cube pattern on velvet drum lamp shade pendant light lamp shade all shapes and sizes available","luxury pink blue checkerboard cube pattern on velvet",drum,24.99,240,11,https://cdn.shopify.com/s/files/1/0926/4408/2042/files/il_794xN.7560698174_2ijd.webp?v=1773660641,Lumina Hub
handmade-by-order-luxury-black-linen-fabric-black-and-gold-lining-lamo-shade-15cm-diameter-x-20cm-h-9-units,"Handmade by order luxury black linen fabric black and gold lining lamp shade 15cm diameter x 20cm h. 9 units","luxury black linen fabric black and gold lining lamp",linen-lampshades,24.99,10,1,https://cdn.shopify.com/s/files/1/0926/4408/2042/files/il_794xN.7080916160_340p.webp?v=1773659922,Lumina Hub
luxury-velvet-lamp-shade-abstract-grey-gold-wave-pattern,"Luxury Velvet Lamp Shade: Abstract Grey Gold Wave Pattern","Luxury Velvet Lamp Shade: Abstract Grey Gold Wave",drum,24.99,240,10,https://cdn.shopify.com/s/files/1/0926/4408/2042/files/il_794xN.7547036806_tlp1.webp?v=1773659452,Lumina Hub
handmade-satin-silk-lavender-purple-drum-lamp-shade,"Handmade Satin Silk Lavender Purple Drum Lamp Shade","Handmade Satin Silk Lavender Purple Drum Lamp Shade",drum,24.99,240,8,https://cdn.shopify.com/s/files/1/0926/4408/2042/files/il_794xN.7615229186_afbw.webp?v=1773659266,Lumina Hub
handmade-navy-tropical-parrot-lampshade-made-to-order,"Handmade Navy & Tropical Parrot Lampshade - Made to Order","Handmade Navy & Tropical Parrot Lampshade - Made to",drum,24.99,240,7,https://cdn.shopify.com/s/files/1/0926/4408/2042/files/il_794xN.7083773751_6aoc.webp?v=1773658833,Lumina Hub
handmade-by-order-luxury-black-and-pink-wave-abstract-pattern-on-velvet-drum-lamp-shade-pendant-light-shade-all-shapes-and-sizes-available,"Handmade by order luxury black and pink wave abstract pattern on velvet drum lamp shade pendant light shade all shapes and sizes available","luxury black and pink wave abstract pattern on velvet",drum,24.99,240,10,https://cdn.shopify.com/s/files/1/0926/4408/2042/files/il_794xN.7541524056_gwrx.webp?v=1773658667,Lumina Hub
handmade-by-order-luxury-mink-gold-foild-velvet-drum-lamp-shade-pendant-light-lamp-shade-all-shapes-and-sizes-available,"Handmade by order luxury mink gold foild velvet drum lamp shade pendant light lamp shade all shapes and sizes available","luxury mink gold foild velvet drum lamp shade pendant",foil-lined,24.99,240,11,https://cdn.shopify.com/s/files/1/0926/4408/2042/files/il_794xN.7580889668_8df2.webp?v=1773658485,Lumina Hub
handmade-by-order-luxury-water-coolers-floral-abstract-art-print-on-velvet-drum-lamp-shade-all-shapes-and-sizes-available,"Handmade by order luxury water coolers floral abstract art print on velvet drum lamp shade all shapes and sizes available","luxury water coolers floral abstract art print on",drum,24.99,240,11,https://cdn.shopify.com/s/files/1/0926/4408/2042/files/il_794xN.7628816143_liqn.webp?v=1773658201,Lumina Hub
handmade-by-order-luxury-picasso-abstract-faces-art-print-on-velvet-drum-lamp-shade-pendant-light-lamp-shade-all-shapes-and-sizes-available,"Handmade by order luxury picasso abstract faces art print on velvet drum lamp shade pendant light lamp shade all shapes and sizes available","luxury picasso abstract faces art print on velvet drum",drum,24.99,240,9,https://cdn.shopify.com/s/files/1/0926/4408/2042/files/il_1140xN.7612652901_ohfw.webp?v=1775748477,Lumina Hub
handmade-by-order-green-gold-floral-plant-pattern-on-velvet-drum-lamp-shade-pendant-light-lamp-shade-all-shapes-and-sizes-available,"Handmade by order green gold floral plant pattern on velvet drum lamp shade pendant light lamp shade all shapes and sizes available","green gold floral plant pattern on velvet drum lamp",drum,24.99,240,10,https://cdn.shopify.com/s/files/1/0926/4408/2042/files/download-2026-03-25T140824.692.png?v=1774429853,Lumina Hub
handmade-velvet-drum-lamp-shade-black-red-geometric-retro-design,"Handmade Velvet Drum Lamp Shade: Black Red Geometric Retro Design","Handmade Velvet Drum Lamp Shade: Black Red Geometric",drum,24.99,240,9,https://cdn.shopify.com/s/files/1/0926/4408/2042/files/il_794xN.7654750207_6m2a.webp?v=1776006382,Lumina Hub
handmade-by-order-luxury-petrol-paint-art-black-grey-floral-flowers-plant-drum-lamp-shade-pendant-light-lamp-shade-all-shapes-and-sizes-available,"Handmade by order luxury petrol paint art black grey floral flowers plant drum lamp shade pendant light lamp shade all shapes and sizes available","luxury petrol paint art black grey floral flowers plant",drum,24.99,240,11,https://cdn.shopify.com/s/files/1/0926/4408/2042/files/il_794xN.7654518935_24y2.webp?v=1775748355,Lumina Hub
handmade-black-velvet-lamp-shade-mushroom-village-jungle-pattern,"Handmade Black Velvet Lamp Shade: Mushroom Village Jungle Pattern","Handmade Black Velvet Lamp Shade: Mushroom Village",drum,24.99,240,10,https://cdn.shopify.com/s/files/1/0926/4408/2042/files/il_794xN.7022218630_prnz.webp?v=1773656754,Lumina Hub
handmade-by-order-luxury-blue-laser-beem-geometry-pattern-black-velvet-drum-lamp-shade-pendant-light-lamp-shade-all-shapes-and-sizes-available,"Handmade by order luxury blue laser beem geometry pattern black velvet drum lamp shade pendant light lamp shade all shapes and sizes available","luxury blue laser beem geometry pattern black velvet",drum,24.99,240,9,https://cdn.shopify.com/s/files/1/0926/4408/2042/files/download_-_2026-04-25T153351.290.png?v=1777113309,Lumina Hub
handmade-black-velvet-drum-lamp-shade-silver-copper-foil-accent,"Handmade Black Velvet Drum Lamp Shade: Silver Copper Foil Accent","Handmade Black Velvet Drum Lamp Shade: Silver Copper",foil-lined,24.99,240,9,https://cdn.shopify.com/s/files/1/0926/4408/2042/files/il_794xN.7096809986_t3yf.webp?v=1773656119,Lumina Hub
handmade-by-order-luxury-pumpkin-orange-velvet-and-fox-in-forest-pattern-drum-lamp-shade-pendant-light-lamp-shade-all-shapes-and-sizes-avail,"Handmade by order luxury pumpkin orange velvet and fox in forest pattern drum lamp shade pendant light lamp shade all shapes and sizes avail","luxury pumpkin orange velvet and fox in forest pattern",drum,24.99,240,10,https://cdn.shopify.com/s/files/1/0926/4408/2042/files/il_794xN.7615231372_litq.webp?v=1773546374,Lumina Hub
handmade-by-order-purple-rose-floral-plant-print-on-velvet-drum-lamp-shade-pendant-light-lamp-shade-all-shapes-and-sizes-available,"Handmade by order purple rose floral plant print on velvet drum lamp shade pendant light lamp shade all shapes and sizes available","purple rose floral plant print on velvet drum lamp",drum,24.99,240,10,https://cdn.shopify.com/s/files/1/0926/4408/2042/files/il_1140xN.7600919486_34cg.webp?v=1775748208,Lumina Hub
handmade-by-order-luxury-cotton-multicoloured-geometric-pattern-cubes-on-velvet-drum-lamp-shade-pendant-light-shade-all-shapes-and-sizes,"Handmade by order luxury cotton multicoloured geometric pattern cubes on velvet drum lamp shade pendant light shade all shapes and sizes","luxury cotton multicoloured geometric pattern cubes on",drum,24.99,240,7,https://cdn.shopify.com/s/files/1/0926/4408/2042/files/il_794xN.7665457141_o360.webp?v=1773525514,Lumina Hub
handmade-by-order-lucky-deep-orange-velvet-and-fish-pattern-inside-drum-lamp-shade-pendant-light-lamp-shade-all-shapes-and-sizes-available,"Handmade by order lucky deep orange velvet and fish pattern inside drum lamp shade pendant light lamp shade all shapes and sizes available","lucky deep orange velvet and fish pattern inside drum",drum,24.99,24,11,https://cdn.shopify.com/s/files/1/0926/4408/2042/files/il_794xN.7663185581_mih9.webp?v=1773525042,Lumina Hub
handmade-by-order-luxury-jungle-and-bangal-tiger-on-velvet-drum-lamp-shade-pendant-light-lamp-shade-pendant-shade-all-shapes-and-sizes,"Handmade by order luxury jungle and bangal tiger on velvet drum lamp shade pendant light lamp shade pendant shade all shapes and sizes","luxury jungle and bangal tiger on velvet drum lamp",drum,24.99,240,9,https://cdn.shopify.com/s/files/1/0926/4408/2042/files/il_794xN.7598085658_ko20.webp?v=1775747087,Lumina Hub
handmade-by-order-zigzag-patch-multicoloured-geometric-pattern-velvet-drum-lamp-shade-pendant-light-lamp-shade-all-shapes-and-sizes-availabl-1,"Handmade by order zigzag patch multicoloured geometric pattern velvet drum lamp shade pendant light lamp shade all shapes and sizes availabl","zigzag patch multicoloured geometric pattern velvet",drum,24.99,240,9,https://cdn.shopify.com/s/files/1/0926/4408/2042/files/il_794xN.7541579462_gnbb.webp?v=1773359910,Lumina Hub
handmade-by-order-luxury-royal-blue-mushroom-fantasty-jungle-village-pattern-drum-lamp-shade-pendant-light-lamp-shade-all-shapes-and-sizes,"Handmade by order luxury royal blue mushroom fantasty jungle village pattern drum lamp shade pendant light lamp shade all shapes and sizes","luxury royal blue mushroom fantasty jungle village",drum,24.99,240,8,https://cdn.shopify.com/s/files/1/0926/4408/2042/files/il_794xN.7663258387_l92w.jpg?v=1773357266,Lumina Hub
handmade-by-order-studio-green-dark-green-grey-velvet-drum-lamp-shade-pendant-light-lamp-shade-all-sizes-and-shapes-available,"Handmade by order studio green dark green grey velvet drum lamp shade pendant light lamp shade all sizes and shapes available","studio green dark green grey velvet drum lamp shade",drum,24.99,240,8,https://cdn.shopify.com/s/files/1/0926/4408/2042/files/il_794xN.7126216642_sark.webp?v=1773353088,Lumina Hub
handmade-by-order-yellow-gold-velvet-and-antique-green-gold-floral-print-double-sided-drum-lamp-shade-pendant-light-lights-lamp-shade,"Handmade by order yellow gold velvet and antique green gold floral print double sided drum lamp shade pendant light lights lamp shade","yellow gold velvet and antique green gold floral print",drum,24.99,24,9,https://cdn.shopify.com/s/files/1/0926/4408/2042/files/il_794xN.7615233080_dhg5.webp?v=1773352719,Lumina Hub
handmade-by-order-hot-pink-velvet-and-birds-on-branches-print-double-sided-drum-lamp-shade-all-shapes-and-sizes-available,"Handmade by order hot pink velvet and birds on branches print double sided drum lamp shade all shapes and sizes available","hot pink velvet and birds on branches print double",drum,24.99,24,8,https://cdn.shopify.com/s/files/1/0926/4408/2042/files/il_794xN.7197432780_r9by.webp?v=1773351694,Lumina Hub
handmade-by-order-luxury-graphite-dark-grey-velvet-and-autumn-leaves-pattern-drum-lamp-shade-pendant-light-lamp-shade-all-shapes-and-sizes,"Handmade by order luxury graphite dark grey velvet and autumn leaves pattern drum lamp shade pendant light lamp shade all shapes and sizes","luxury graphite dark grey velvet and autumn leaves",drum,24.99,240,11,https://cdn.shopify.com/s/files/1/0926/4408/2042/files/il_794xN.7615321920_t49n.webp?v=1773351529,Lumina Hub
handmade-by-order-luxury-grey-charcoal-leaf-pattern-on-beige-velvet-lamp-shade-pendant-light-lamp-shade-all-shapes-and-sizes-available,"Handmade by order luxury grey charcoal leaf pattern on beige velvet lamp shade pendant light lamp shade all shapes and sizes available","luxury grey charcoal leaf pattern on beige velvet lamp",drum,24.99,240,10,https://cdn.shopify.com/s/files/1/0926/4408/2042/files/il_794xN.7628832561_n4lm.webp?v=1775746336,Lumina Hub
orange-wave-lamp-shade-handmade-abstract-pendant-light,"Orange Wave Lamp Shade: Handmade Abstract Pendant Light","Orange Wave Lamp Shade: Handmade Abstract Pendant Light",drum,24.99,240,11,https://cdn.shopify.com/s/files/1/0926/4408/2042/files/il_794xN.7663179643_wwgs.webp?v=1775476128,Lumina Hub
handmade-by-order-yellow-teal-brown-wave-pattern-velvet-drum-lamp-shade-pendant-light-lamp-shade-all-shapes-and-sizes-available-on-demand,"Handmade by order yellow teal brown wave pattern velvet drum lamp shade pendant light lamp shade all shapes and sizes available on demand","yellow teal brown wave pattern velvet drum lamp shade",drum,24.99,240,9,https://cdn.shopify.com/s/files/1/0926/4408/2042/files/il_794xN.7598079024_1hkk.webp?v=1773339964,Lumina Hub
handmade-blue-diagonal-velvet-lamp-shade-drum-pendant-light,"Handmade Blue Diagonal Velvet Lamp Shade: Drum Pendant Light","Handmade Blue Diagonal Velvet Lamp Shade: Drum Pendant",drum,24.99,240,7,https://cdn.shopify.com/s/files/1/0926/4408/2042/files/il_794xN.7016539332_dckf.webp?v=1773318119,Lumina Hub
handmade-by-order-vertical-stripped-mustard-teal-black-colour-strip-velvet-drum-lamp-shade-and-pendant-light-shade-all-shapes-and-size,"Handmade by order vertical stripped mustard teal black colour strip velvet drum lamp shade and pendant light shade all shapes and size","vertical stripped mustard teal black colour strip",drum,24.99,240,10,https://cdn.shopify.com/s/files/1/0926/4408/2042/files/il_794xN.7600926392_97wb.webp?v=1773317814,Lumina Hub
handmade-by-order-luxury-gold-paint-art-abstract-old-bamboo-print-on-velvet-drum-lamp-shade-pendant-light-lamp-shade-all-shapes-and-sizes-copy,"Handmade by order luxury charcoal grey anf gold foiled shimmer abstract art design drum lamp shade pendant light lamp shade all shapes sizes","luxury charcoal grey anf gold foiled shimmer abstract",foil-lined,24.99,240,10,https://cdn.shopify.com/s/files/1/0926/4408/2042/files/il_794xN.7564714972_dggx.webp?v=1773317284,Lumina Hub
handmade-by-order-luxury-gold-paint-art-abstract-old-bamboo-print-on-velvet-drum-lamp-shade-pendant-light-lamp-shade-all-shapes-and-sizes,"Handmade by order luxury gold paint art abstract old bamboo print on velvet drum lamp shade pendant light lamp shade all shapes and sizes","luxury gold paint art abstract old bamboo print on",drum,24.99,240,10,https://cdn.shopify.com/s/files/1/0926/4408/2042/files/il_794xN.7595116115_iqt5.webp?v=1773316387,Lumina Hub
handmade-by-order-luxury-gold-shimmer-foiled-on-white-velvet-drum-lamp-shade-pendant-light-shade-all-shapes-and-sizes-available,"handmade by order luxury gold shimmer foiled on white velvet drum lamp shade pendant light shade all shapes and sizes available","luxury gold shimmer foiled on white velvet drum lamp",foil-lined,24.99,240,10,https://cdn.shopify.com/s/files/1/0926/4408/2042/files/il_794xN.7552845672_p3oj.webp?v=1773316238,Lumina Hub
handmade-by-order-multicoloured-paint-art-on-antique-wooden-panels-print-on-velvet-drum-lamp-shade-pendant-light-lamp-shade-all-shapes-sizes,"Handmade by order multicoloured paint art on antique wooden panels print on velvet drum lamp shade pendant light lamp shade all shapes sizes","multicoloured paint art on antique wooden panels print",drum,24.99,240,10,https://cdn.shopify.com/s/files/1/0926/4408/2042/files/il_794xN.7552844036_2sdw.webp?v=1773314897,Lumina Hub
handmade-by-order-luxury-multi-colour-brush-strokes-abstract-art-print-velvet-drum-lamp-shade-pendant-light-lamp-shade-all-shapes-and-sizes,"Handmade by order luxury multi colour brush strokes abstract art print velvet drum lamp shade pendant light lamp shade all shapes and sizes","luxury multi colour brush strokes abstract art print",drum,24.99,240,10,https://cdn.shopify.com/s/files/1/0926/4408/2042/files/il_794xN.7650880631_gari.webp?v=1773314547,Lumina Hub
handmade-by-order-zigzag-patch-multicoloured-geometric-pattern-velvet-drum-lamp-shade-pendant-light-lamp-shade-all-shapes-and-sizes-availabl,"Handmade by order zigzag patch multicoloured geometric pattern velvet drum lamp shade pendant light lamp shade all shapes and sizes availabl","zigzag patch multicoloured geometric pattern velvet",drum,24.99,240,9,https://cdn.shopify.com/s/files/1/0926/4408/2042/files/il_794xN.7607178649_stk5.webp?v=1773313548,Lumina Hub
handmade-by-order-teal-blue-wooden-retro-geometric-abstract-print-velvet-drum-lamp-shade-pendant-light-lamp-shade-all-shapes-and-sizes-avail,"Handmade by order teal blue wooden retro geometric abstract print velvet drum lamp shade pendant light lamp shade all shapes and sizes avail","teal blue wooden retro geometric abstract print velvet",drum,24.99,240,11,https://cdn.shopify.com/s/files/1/0926/4408/2042/files/il_794xN.7648844101_jkyk.webp?v=1775475973,Lumina Hub
handmade-by-order-luxurious-abstract-teal-gold-round-circle-drum-velvet-lamp-shade-pendant-light-lamp-shade-all-sizes-and-shapes-available,"Handmade by order luxurious abstract teal gold round circle drum velvet lamp shade pendant light lamp shade all sizes and shapes available","luxurious abstract teal gold round circle drum velvet",drum,24.99,240,9,https://cdn.shopify.com/s/files/1/0926/4408/2042/files/il_794xN.7701622350_47lb.webp?v=1775474486,Lumina Hub
handmade-by-order-luxury-deep-blue-and-gold-wave-marble-pattern-on-velvet-drum-lamp-shade-pendant-light-lamp-shade-all-shapes-and-sizes-avai,"Handmade by order luxury deep blue and gold wave marble pattern on velvet drum lamp shade pendant light lamp shade all shapes and sizes avai","luxury deep blue and gold wave marble pattern on velvet",drum,24.99,240,10,https://cdn.shopify.com/s/files/1/0926/4408/2042/files/il_794xN.7586967790_33ch.webp?v=1773311935,Lumina Hub
handmade-by-ordee-luxury-jade-green-blue-wave-sky-with-glitter-effects-of-northern-lights-velvet-drum-lamp-shade-pendant-light-lamp-shade,"Handmade by ordee luxury jade green blue wave sky with glitter effects of northern lights velvet drum lamp shade pendant light lamp shade","Handmade by ordee luxury jade green blue wave sky with",drum,24.99,240,11,https://cdn.shopify.com/s/files/1/0926/4408/2042/files/il_794xN.7586477297_25xq.webp?v=1773311651,Lumina Hub
handmade-by-order-luxury-jade-green-marble-wave-abstract-art-velvet-drum-lamp-shade-pendant-light-lamp-shade-all-shapes-and-sizes-available,"Handmade by order luxury jade green marble wave abstract art velvet drum lamp shade pendant light lamp shade all shapes and sizes available","luxury jade green marble wave abstract art velvet drum",drum,24.99,240,9,https://cdn.shopify.com/s/files/1/0926/4408/2042/files/il_794xN.7607097581_bbpk.webp?v=1773311372,Lumina Hub
handmade-by-order-luxury-white-grey-gold-wave-marble-abstract-art-velvet-drum-lamp-shade-pendant-light-lamp-shade-all-shapes-and-sizes-linin,"Handmade by order luxury white grey gold wave marble abstract art velvet drum lamp shade pendant light lamp shade all shapes and sizes linin","luxury white grey gold wave marble abstract art velvet",drum,24.99,240,12,https://cdn.shopify.com/s/files/1/0926/4408/2042/files/il_794xN.7600794645_bn3g_1.webp?v=1773660181,Lumina Hub
handmade-by-order-luxury-neutral-gold-linen-look-pattern-leopard-print-drum-velvet-lamp-shade-pendant-light-lamp-shade-all-shapes-and-sizes,"Handmade by order luxury neutral gold linen look pattern leopard print drum velvet lamp shade pendant light lamp shade all shapes and sizes","luxury neutral gold linen look pattern leopard print",linen-lampshades,24.99,240,10,https://cdn.shopify.com/s/files/1/0926/4408/2042/files/download-2026-03-25T141723.395.png?v=1774430304,Lumina Hub
handmade-by-order-luxurious-abstract-jade-green-teal-gold-drum-velvet-lamp-shade-pendant-light-lamp-shade-all-sizes-and-shapes-available,"Handmade by order luxurious abstract jade green teal gold drum velvet lamp shade pendant light lamp shade all sizes and shapes available","luxurious abstract jade green teal gold drum velvet",drum,24.99,240,10,https://cdn.shopify.com/s/files/1/0926/4408/2042/files/il_794xN.7587874225_j2qm.webp?v=1773310516,Lumina Hub
handmade-by-order-luxury-resin-wooden-teal-turquoise-blue-marble-pattern-drum-lamp-shade-pendant-light-lamp-shade-all-shapes-and-sizes-avail,"Handmade by order luxury resin wooden teal turquoise blue marble pattern drum lamp shade pendant light lamp shade all shapes and sizes avail","luxury resin wooden teal turquoise blue marble pattern",drum,24.99,240,9,https://cdn.shopify.com/s/files/1/0926/4408/2042/files/il_794xN.7547038550_lw8k.webp?v=1773310345,Lumina Hub
handmade-by-order-luxury-abstract-wave-pattern-multicoloured-on-velvet-drum-lamp-shade-pendant-light-shade-all-shapes-and-sizes-available,"Handmade by order luxury abstract wave pattern multicoloured on velvet drum lamp shade pendant light shade all shapes and sizes available","luxury abstract wave pattern multicoloured on velvet",drum,24.99,240,11,https://cdn.shopify.com/s/files/1/0926/4408/2042/files/il_794xN.7539937302_5sza.webp?v=1773310232,Lumina Hub
handmade-by-order-luxury-black-gold-stones-lava-abstract-geometric-pattern-drum-velvet-lamp-shade-pendant-light-lamp-shade-all-shapes-sizes,"Handmade by order luxury black gold stones lava abstract geometric pattern drum velvet lamp shade pendant light lamp shade all shapes sizes","luxury black gold stones lava abstract geometric",drum,24.99,240,10,https://cdn.shopify.com/s/files/1/0926/4408/2042/files/il_794xN.7550821378_bbz4.webp?v=1773310045,Lumina Hub
handmade-by-order-orange-teal-retro-geometric-abstract-print-velvet-drum-lamp-shade-pendant-light-lamp-shade-all-shapes-and-sizes-avail,"Handmade by order orange teal retro geometric abstract print velvet drum lamp shade pendant light lamp shade all shapes and sizes avail","orange teal retro geometric abstract print velvet drum",drum,24.99,240,9,https://cdn.shopify.com/s/files/1/0926/4408/2042/files/il_794xN.7648854565_19mz.webp?v=1773309727,Lumina Hub
handmade-by-order-luxury-antique-metal-rusting-orange-teal-grey-combination-velvet-drum-lamp-shade-pendant-light-lamp-shade-all-shapes-sizes,"handmade by order luxury antique metal rusting orange teal grey combination velvet drum lamp shade pendant light lamp shade all shapes sizes","luxury antique metal rusting orange teal grey",drum,24.99,240,10,https://cdn.shopify.com/s/files/1/0926/4408/2042/files/il_794xN.7566029158_3361.webp?v=1773309529,Lumina Hub
handmade-by-order-luxury-blue-gold-marble-wave-abstract-art-velvet-drum-lamp-shade-pendant-light-lamp-shade-all-shapes-and-sizes-available,"Handmade by order luxury blue gold marble wave abstract art velvet drum lamp shade pendant light lamp shade all shapes and sizes available","luxury blue gold marble wave abstract art velvet drum",drum,24.99,240,10,https://cdn.shopify.com/s/files/1/0926/4408/2042/files/IMG-6736.png?v=1778260961,Lumina Hub
handmade-by-order-luxury-jade-teal-blue-and-gold-cube-abstract-pattern-drum-velvet-lamp-shade-pendant-light-lamp-shade-all-shapes-and-sizes,"Handmade by order luxury jade teal blue and gold cube abstract pattern drum velvet lamp shade pendant light lamp shade all shapes and sizes","luxury jade teal blue and gold cube abstract pattern",drum,24.99,240,8,https://cdn.shopify.com/s/files/1/0926/4408/2042/files/il_794xN.7615423735_tp6b.webp?v=1773309177,Lumina Hub
handmade-by-order-luxury-antique-rust-teal-and-gold-grunge-pattern-drum-velvet-lamp-shade-pendant-light-lamp-shade-all-shapes-and-sizes,"Handmade by order luxury antique rust teal and gold grunge pattern drum velvet lamp shade pendant light lamp shade all shapes and sizes","luxury antique rust teal and gold grunge pattern drum",drum,24.99,240,8,https://cdn.shopify.com/s/files/1/0926/4408/2042/files/il_794xN.7550826020_oxns.webp?v=1773308699,Lumina Hub
handmade-velvet-drum-lamp-shade-multicolored-abstract-pendant-ceiling-light-1,"Handmade Velvet Drum Lamp Shade: Multicolored Abstract Pendant Ceiling Light","Handmade Velvet Drum Lamp Shade: Multicolored Abstract",drum,24.99,240,14,https://cdn.shopify.com/s/files/1/0926/4408/2042/files/il_794xN.7606808770_348q_edeaa12b-9abb-4f74-b4ec-382238d85a58.webp?v=1772924050,Lumina Hub
handmade-velvet-drum-lamp-shade-multicolored-abstract-pendant-ceiling-light,"Handmade Velvet Drum Lamp Shade: Multicolored Abstract Pendant Ceiling Light","Handmade Velvet Drum Lamp Shade: Multicolored Abstract",drum,24.99,240,13,https://cdn.shopify.com/s/files/1/0926/4408/2042/files/il_794xN.7606808770_348q.webp?v=1772923272,Lumina Hub
handmade-by-order-luxury-teal-golden-wave-pattern-abstract-art-print-on-velvet-drum-lamp-shade-pendant-light-lamp-shade-all-shapes-and-sizes,"Handmade by order luxury teal golden wave pattern abstract art print on velvet DRUM lamp shade pendant light lamp shade all shapes and sizes","luxury teal golden wave pattern abstract art print on",drum,24.99,240,8,https://cdn.shopify.com/s/files/1/0926/4408/2042/files/download_16.png?v=1773051975,Lumina Hub
handmade-by-order-luxury-teal-gold-wave-abstract-pattern-oval-lamp-shade-pendant-light-lamp-shade-all-sizes-and-shapes-available-on-demand,"Handmade by order luxury teal gold wave abstract pattern OVAL lamp shade pendant light lamp shade all sizes and shapes available on demand","luxury teal gold wave abstract pattern OVAL lamp shade",oval,27.99,100,7,https://cdn.shopify.com/s/files/1/0926/4408/2042/files/il_794xN.7239520409_fv6i.webp?v=1772365809,Lumina Hub
handmade-by-order-luxury-multi-colour-beach-pebble-stone-on-velvet-drum-lamp-shade-ceiling-lamp-shade-all-shapes-and-sizes-available,"Handmade by order luxury multi colour beach pebble stone on velvet drum lamp shade ceiling lamp shade all shapes and sizes available","luxury multi colour beach pebble stone on velvet drum",drum,24.99,240,7,https://cdn.shopify.com/s/files/1/0926/4408/2042/files/il_794xN.7058797785_cctf.webp?v=1772923977,Lumina Hub
handmade-by-order-luxury-metal-oxidation-rusting-print-velvet-drum-lamp-shade-pendant-light-lamp-shade-spice-copper-teal-all-shapes-and-size,"Handmade by order luxury metal oxidation rusting print velvet drum lamp shade pendant light lamp shade spice copper teal all shapes and size","luxury metal oxidation rusting print velvet drum lamp",drum,24.99,240,9,https://cdn.shopify.com/s/files/1/0926/4408/2042/files/download_12.png?v=1772983981,Lumina Hub
handmade-by-order-luxury-emerald-green-crocodile-skin-print-velvet-drum-lamp-shade-pendant-light-lamp-shade-all-shapes-and-sizes-available,"Handmade by order luxury emerald green crocodile skin print velvet drum lamp shade pendant light lamp shade all shapes and sizes available","luxury emerald green crocodile skin print velvet drum",drum,24.99,240,10,https://cdn.shopify.com/s/files/1/0926/4408/2042/files/il_fullxfull.7598772253_j1sa.jpg?v=1770980571,Lumina Hub
handmade-by-order-luxury-black-gold-lava-abstract-marble-geometric-pattern-rectangular-shape-lamp-shade-pendant-shade-all-shapes-sizes-avail,"Handmade by order luxury black gold lava abstract marble geometric pattern RECTANGULAR shape lamp shade pendant shade all shapes sizes avail","luxury black gold lava abstract marble geometric",rectangular,34.99,80,8,https://cdn.shopify.com/s/files/1/0926/4408/2042/files/il_794xN.7366938370_dexl.webp?v=1772835392,Lumina Hub
handmade-by-order-blue-hold-marble-wave-effect-velvet-rounded-square-lamp-shade-pendant-light-lamp-shade-all-shapes-and-sizes-available,"handmade by order blue hold marble wave effect velvet ROUNDED SQUARE lamp shade pendant light lamp shade all shapes and sizes available","blue hold marble wave effect velvet ROUNDED SQUARE lamp",square,29.99,140,7,https://cdn.shopify.com/s/files/1/0926/4408/2042/files/il_794xN.7783713167_a3f1.webp?v=1772923643,Lumina Hub
handmade-by-order-black-gold-lava-effect-velvet-rounded-square-lamp-shade-pendant-light-lamp-shade-all-shapes-and-sizes-available,"handmade by order black gold lava effect velvet ROUNDED SQUARE lamp shade pendant light lamp shade all shapes and sizes available","black gold lava effect velvet ROUNDED SQUARE lamp shade",square,29.99,140,6,https://cdn.shopify.com/s/files/1/0926/4408/2042/files/il_794xN.7800621457_ivlh.webp?v=1772834032,Lumina Hub
handmade-by-order-luxury-black-chevron-zigzag-geometric-pattern-on-yellow-gold-velvet-drum-lamp-shade-pendant-light-lamp-shade-all-shapes,"Handmade by order luxury black chevron zigzag geometric pattern on yellow gold velvet drum lamp shade pendant light lamp shade all shapes","luxury black chevron zigzag geometric pattern on yellow",drum,24.99,240,10,https://cdn.shopify.com/s/files/1/0926/4408/2042/files/il_794xN.7628827563_64x9_4f48b0e8-b688-4719-b09f-3ddff6d9cf01.jpg?v=1771715874,Lumina Hub